"No.","Time","Source","Destination","Protocol","Length","Info"
"1","0.000000000","52.108.102.2","192.168.1.7","TLSv1.2","352","Application Data"
"2","0.041234883","192.168.1.7","52.108.102.2","TCP","60","50618  >  443 [ACK] Seq=1 Ack=299 Win=512 Len=0"
"3","0.092336878","52.108.102.2","192.168.1.7","TLSv1.2","748","Application Data"
"4","0.094944534","192.168.1.7","13.107.6.171","TLSv1.2","2536","Application Data"
"5","0.094944908","192.168.1.7","13.107.6.171","TLSv1.2","2343","Application Data"
"6","0.095603672","192.168.1.7","13.107.6.171","TLSv1.2","247","Application Data"
"7","0.095603768","192.168.1.7","13.107.6.171","TLSv1.2","2039","Application Data"
"8","0.104937805","192.168.1.7","52.111.229.6","TLSv1.2","2700","Application Data"
"9","0.108315769","13.107.6.171","192.168.1.7","TLSv1.2","1145","Application Data"
"10","0.108316108","13.107.6.171","192.168.1.7","TLSv1.2","321","Application Data"
"11","0.108316132","13.107.6.171","192.168.1.7","TLSv1.2","92","Application Data"
"12","0.108316156","192.168.1.7","13.107.6.171","TCP","60","50825  >  443 [ACK] Seq=6950 Ack=1397 Win=517 Len=0"
"13","0.134413200","192.168.1.7","52.108.102.2","TCP","60","50618  >  443 [ACK] Seq=1 Ack=993 Win=517 Len=0"
"14","0.142778519","13.107.6.171","192.168.1.7","TCP","60","443  >  50825 [ACK] Seq=1397 Ack=1441 Win=16379 Len=0"
"15","0.142778777","13.107.6.171","192.168.1.7","TCP","60","443  >  50825 [ACK] Seq=1397 Ack=3923 Win=16385 Len=0"
"16","0.142778801","13.107.6.171","192.168.1.7","TCP","60","443  >  50825 [ACK] Seq=1397 Ack=6950 Win=16385 Len=0"
"17","0.173601410","13.107.6.171","192.168.1.7","TLSv1.2","555","Application Data"
"18","0.173601760","13.107.6.171","192.168.1.7","TLSv1.2","92","Application Data"
"19","0.173601784","192.168.1.7","13.107.6.171","TCP","60","50825  >  443 [ACK] Seq=6950 Ack=1936 Win=515 Len=0"
"20","0.176241847","52.111.229.6","192.168.1.7","TCP","60","443  >  50729 [ACK] Seq=1 Ack=2647 Win=16385 Len=0"
"21","0.178293290","192.168.1.7","13.107.6.171","TLSv1.2","1527","Application Data"
"22","0.178293691","192.168.1.7","13.107.6.171","TLSv1.2","913","Application Data"
"23","0.178293718","13.107.6.171","192.168.1.7","TLSv1.2","411","Application Data"
"24","0.178293743","13.107.6.171","192.168.1.7","TLSv1.2","157","Application Data"
"25","0.178293767","13.107.6.171","192.168.1.7","TLSv1.2","92","Application Data"
"26","0.178293792","192.168.1.7","13.107.6.171","TCP","60","50825  >  443 [ACK] Seq=9282 Ack=2434 Win=513 Len=0"
"27","0.179094284","52.111.229.6","192.168.1.7","TLSv1.2","193","Application Data"
"28","0.220120009","192.168.1.7","52.111.229.6","TCP","60","50729  >  443 [ACK] Seq=2647 Ack=140 Win=2065 Len=0"
"29","0.222755437","13.107.6.171","192.168.1.7","TCP","60","443  >  50825 [ACK] Seq=2434 Ack=8390 Win=16379 Len=0"
"30","0.222755736","13.107.6.171","192.168.1.7","TCP","60","443  >  50825 [ACK] Seq=2434 Ack=9282 Win=16385 Len=0"
"31","0.322808139","13.107.6.171","192.168.1.7","TLSv1.2","1090","Application Data"
"32","0.322808513","13.107.6.171","192.168.1.7","TLSv1.2","92","Application Data"
"33","0.322808545","192.168.1.7","13.107.6.171","TCP","60","50825  >  443 [ACK] Seq=9282 Ack=3508 Win=517 Len=0"
"34","1.470058086","52.108.102.2","192.168.1.7","TLSv1.2","747","Application Data"
"35","1.510948840","192.168.1.7","52.108.102.2","TCP","60","50618  >  443 [ACK] Seq=1 Ack=1686 Win=514 Len=0"
"36","1.530369031","52.108.102.2","192.168.1.7","TLSv1.2","213","Application Data"
"37","1.571986680","192.168.1.7","52.108.102.2","TCP","60","50618  >  443 [ACK] Seq=1 Ack=1845 Win=514 Len=0"
"38","1.681070951","52.108.102.2","192.168.1.7","TLSv1.2","87","Application Data"
"39","1.721768177","192.168.1.7","52.108.102.2","TCP","60","50618  >  443 [ACK] Seq=1 Ack=1878 Win=514 Len=0"
"40","1.772809555","52.108.102.2","192.168.1.7","TLSv1.2","747","Application Data"
"41","1.780818707","192.168.1.7","13.107.6.171","TLSv1.2","2292","Application Data"
"42","1.780819015","192.168.1.7","13.107.6.171","TLSv1.2","2343","Application Data"
"43","1.812557365","192.168.1.7","52.108.102.2","TCP","60","50618  >  443 [ACK] Seq=1 Ack=2571 Win=517 Len=0"
"44","1.825799506","13.107.6.171","192.168.1.7","TCP","60","443  >  50825 [ACK] Seq=3508 Ack=10722 Win=16379 Len=0"
"45","1.825799887","13.107.6.171","192.168.1.7","TCP","60","443  >  50825 [ACK] Seq=3508 Ack=13809 Win=16385 Len=0"
"46","1.866497990","13.107.6.171","192.168.1.7","TLSv1.2","1126","Application Data"
"47","1.866498460","13.107.6.171","192.168.1.7","TLSv1.2","2638","Application Data"
"48","1.866498505","13.107.6.171","192.168.1.7","TLSv1.2","92","Application Data"
"49","1.866498541","192.168.1.7","13.107.6.171","TCP","60","50825  >  443 [ACK] Seq=13809 Ack=7202 Win=517 Len=0"
"50","1.889586464","192.168.1.7","13.107.6.171","TLSv1.2","1613","Application Data"
"51","1.889586969","192.168.1.7","13.107.6.171","TLSv1.2","1396","Application Data"
"52","1.890583323","192.168.1.7","13.107.6.171","TLSv1.2","2260","Application Data"
"53","1.890583614","192.168.1.7","13.107.6.171","TLSv1.2","2039","Application Data"
"54","1.934561050","13.107.6.171","192.168.1.7","TCP","60","443  >  50825 [ACK] Seq=7202 Ack=16710 Win=16385 Len=0"
"55","1.934561376","13.107.6.171","192.168.1.7","TCP","60","443  >  50825 [ACK] Seq=7202 Ack=20901 Win=16385 Len=0"
"56","1.967129866","13.107.6.171","192.168.1.7","TLSv1.2","480","Application Data"
"57","1.967130369","13.107.6.171","192.168.1.7","TLSv1.2","92","Application Data"
"58","1.967130394","192.168.1.7","13.107.6.171","TCP","60","50825  >  443 [ACK] Seq=20901 Ack=7666 Win=515 Len=0"
"59","1.978033186","192.168.1.7","52.111.229.6","TLSv1.2","2702","Application Data"
"60","2.048682292","52.111.229.6","192.168.1.7","TCP","60","443  >  50729 [ACK] Seq=140 Ack=5295 Win=16385 Len=0"
"61","2.051240620","52.111.229.6","192.168.1.7","TLSv1.2","193","Application Data"
"62","2.092194078","192.168.1.7","52.111.229.6","TCP","60","50729  >  443 [ACK] Seq=5295 Ack=279 Win=2064 Len=0"
"63","2.182659957","13.107.6.171","192.168.1.7","TLSv1.2","1330","Application Data"
"64","2.182660267","13.107.6.171","192.168.1.7","TLSv1.2","92","Application Data"
"65","2.182660291","192.168.1.7","13.107.6.171","TCP","60","50825  >  443 [ACK] Seq=20901 Ack=8980 Win=517 Len=0"
"66","2.889146489","192.168.1.7","192.168.1.1","DNS","90","Standard query 0xea6c A self.events.data.microsoft.com"
"67","2.895580670","192.168.1.1","192.168.1.7","DNS","212","Standard query response 0xea6c A self.events.data.microsoft.com CNAME self-events-data.trafficmanager.net CNAME onedscolprdweu01.westeurope.cloudapp.azure.com A 20.50.201.195"
"68","2.898219989","192.168.1.7","20.50.201.195","TCP","66","50875  >  443 [SYN] Seq=0 Win=65535 Len=0 MSS=1460 WS=256 SACK_PERM=1"
"69","3.053738659","20.50.201.195","192.168.1.7","TCP","66","443  >  50875 [SYN, ACK] Seq=0 Ack=1 Win=65535 Len=0 MSS=1440 WS=256 SACK_PERM=1"
"70","3.053738984","192.168.1.7","20.50.201.195","TCP","60","50875  >  443 [ACK] Seq=1 Ack=1 Win=262144 Len=0"
"71","3.055419401","192.168.1.7","20.50.201.195","TLSv1.2","251","Client Hello"
"72","3.177213209","52.111.229.6","192.168.1.7","TLSv1.2","1107","Application Data"
"73","3.178659827","192.168.1.7","52.111.229.6","TLSv1.2","157","Application Data"
"74","3.209932424","20.50.201.195","192.168.1.7","TLSv1.2","508","[TCP Previous segment not captured] , Ignored Unknown Record"
"75","3.209932658","192.168.1.7","20.50.201.195","TCP","60","[TCP ACKed unseen segment] 50875  >  443 [ACK] Seq=198 Ack=6295 Win=262144 Len=0"
"76","3.209932681","20.50.201.195","192.168.1.7","TCP","5894","[TCP Spurious Retransmission] 443  >  50875 [ACK] Seq=1 Ack=198 Win=525312 Len=5840"
"77","3.220407362","192.168.1.7","20.50.201.195","TLSv1.2","212","Client Key Exchange, Change Cipher Spec, Encrypted Handshake Message"
"78","3.295311390","52.111.229.6","192.168.1.7","TCP","60","443  >  50729 [ACK] Seq=1332 Ack=5398 Win=16384 Len=0"
"79","3.372335624","20.50.201.195","192.168.1.7","TLSv1.2","105","Change Cipher Spec, Encrypted Handshake Message"
"80","3.372335937","192.168.1.7","20.50.201.195","TCP","60","50875  >  443 [ACK] Seq=356 Ack=6346 Win=261888 Len=0"
"81","3.373596844","192.168.1.7","20.50.201.195","TLSv1.2","587","Application Data"
"82","3.373597096","192.168.1.7","20.50.201.195","TLSv1.2","1684","Application Data"
"83","3.526147347","20.50.201.195","192.168.1.7","TCP","60","443  >  50875 [ACK] Seq=6346 Ack=2519 Win=525568 Len=0"
"84","3.534459482","20.50.201.195","192.168.1.7","TLSv1.2","550","Application Data"
"85","3.534459861","192.168.1.7","20.50.201.195","TCP","60","50875  >  443 [ACK] Seq=2519 Ack=6842 Win=261376 Len=0"
"86","4.868110173","192.168.1.7","192.168.1.6","TCP","66","50876  >  20 [SYN] Seq=0 Win=64240 Len=0 MSS=1460 WS=256 SACK_PERM=1"
"87","4.868149243","192.168.1.6","192.168.1.7","TCP","66","20  >  50876 [SYN, ACK] Seq=0 Ack=1 Win=64240 Len=0 MSS=1460 SACK_PERM=1 WS=128"
"88","4.868320059","192.168.1.7","192.168.1.6","TCP","60","50876  >  20 [ACK] Seq=1 Ack=1 Win=1051136 Len=0"
"89","4.868320152","192.168.1.7","192.168.1.6","FTP-DATA","133","FTP Data: 79 bytes"
"90","4.868350782","192.168.1.6","192.168.1.7","TCP","54","20  >  50876 [ACK] Seq=1 Ack=80 Win=64256 Len=0"
"91","4.883362112","192.168.1.7","192.168.1.6","ICMP","60","Echo (ping) request  id=0x35be, seq=256/1, ttl=128 (reply in 92)"
"92","4.883394432","192.168.1.6","192.168.1.7","ICMP","43","Echo (ping) reply    id=0x35be, seq=256/1, ttl=64 (request in 91)"
"93","4.883672230","192.168.1.7","192.168.1.6","FTP-DATA","4150","FTP Data: 4096 bytes"
"94","4.883694605","192.168.1.6","192.168.1.7","TCP","54","20  >  50876 [ACK] Seq=1 Ack=4176 Win=62592 Len=0"
"95","4.883790262","192.168.1.7","192.168.1.6","ICMP","60","Echo (ping) request  id=0x0937, seq=256/1, ttl=128 (reply in 96)"
"96","4.883805001","192.168.1.6","192.168.1.7","ICMP","43","Echo (ping) reply    id=0x0937, seq=256/1, ttl=64 (request in 95)"
"97","4.883986621","192.168.1.7","192.168.1.6","FTP-DATA","4150","FTP Data: 4096 bytes"
"98","4.883998045","192.168.1.6","192.168.1.7","TCP","54","20  >  50876 [ACK] Seq=1 Ack=8272 Win=62592 Len=0"
"99","4.884058895","192.168.1.7","192.168.1.6","ICMP","60","Echo (ping) request  id=0x0a9d, seq=256/1, ttl=128 (reply in 100)"
"100","4.884071134","192.168.1.6","192.168.1.7","ICMP","43","Echo (ping) reply    id=0x0a9d, seq=256/1, ttl=64 (request in 99)"
"101","4.884294256","192.168.1.7","192.168.1.6","FTP-DATA","4150","FTP Data: 4096 bytes"
"102","4.884304740","192.168.1.6","192.168.1.7","TCP","54","20  >  50876 [ACK] Seq=1 Ack=12368 Win=62592 Len=0"
"103","4.884369879","192.168.1.7","192.168.1.6","ICMP","60","Echo (ping) request  id=0xfa58, seq=256/1, ttl=128 (reply in 104)"
"104","4.884381751","192.168.1.6","192.168.1.7","ICMP","43","Echo (ping) reply    id=0xfa58, seq=256/1, ttl=64 (request in 103)"
"105","4.884579531","192.168.1.7","192.168.1.6","FTP-DATA","4150","FTP Data: 4096 bytes"
"106","4.884588188","192.168.1.6","192.168.1.7","TCP","54","20  >  50876 [ACK] Seq=1 Ack=16464 Win=62592 Len=0"
"107","4.884666297","192.168.1.7","192.168.1.6","ICMP","60","Echo (ping) request  id=0x2079, seq=256/1, ttl=128 (reply in 108)"
"108","4.884676784","192.168.1.6","192.168.1.7","ICMP","43","Echo (ping) reply    id=0x2079, seq=256/1, ttl=64 (request in 107)"
"109","4.884842157","192.168.1.7","192.168.1.6","FTP-DATA","4150","FTP Data: 4096 bytes"
"110","4.884849297","192.168.1.6","192.168.1.7","TCP","54","20  >  50876 [ACK] Seq=1 Ack=20560 Win=62592 Len=0"
"111","4.884908894","192.168.1.7","192.168.1.6","ICMP","60","Echo (ping) request  id=0x8a8b, seq=256/1, ttl=128 (reply in 112)"
"112","4.884917543","192.168.1.6","192.168.1.7","ICMP","43","Echo (ping) reply    id=0x8a8b, seq=256/1, ttl=64 (request in 111)"
"113","4.885095943","192.168.1.7","192.168.1.6","FTP-DATA","4150","FTP Data: 4096 bytes"
"114","4.885104164","192.168.1.6","192.168.1.7","TCP","54","20  >  50876 [ACK] Seq=1 Ack=24656 Win=62592 Len=0"
"115","4.885156018","192.168.1.7","192.168.1.6","ICMP","60","Echo (ping) request  id=0xeb66, seq=256/1, ttl=128 (reply in 116)"
"116","4.885164687","192.168.1.6","192.168.1.7","ICMP","43","Echo (ping) reply    id=0xeb66, seq=256/1, ttl=64 (request in 115)"
"117","4.885327905","192.168.1.7","192.168.1.6","FTP-DATA","4150","FTP Data: 4096 bytes"
"118","4.885339699","192.168.1.6","192.168.1.7","TCP","54","20  >  50876 [ACK] Seq=1 Ack=28752 Win=62592 Len=0"
"119","4.885408425","192.168.1.7","192.168.1.6","ICMP","60","Echo (ping) request  id=0xbd06, seq=256/1, ttl=128 (reply in 120)"
"120","4.885420671","192.168.1.6","192.168.1.7","ICMP","43","Echo (ping) reply    id=0xbd06, seq=256/1, ttl=64 (request in 119)"
"121","4.885616216","192.168.1.7","192.168.1.6","FTP-DATA","4150","FTP Data: 4096 bytes"
"122","4.885625255","192.168.1.6","192.168.1.7","TCP","54","20  >  50876 [ACK] Seq=1 Ack=32848 Win=62592 Len=0"
"123","4.885683442","192.168.1.7","192.168.1.6","ICMP","60","Echo (ping) request  id=0x9c94, seq=256/1, ttl=128 (reply in 124)"
"124","4.885693448","192.168.1.6","192.168.1.7","ICMP","43","Echo (ping) reply    id=0x9c94, seq=256/1, ttl=64 (request in 123)"
"125","4.885856287","192.168.1.7","192.168.1.6","FTP-DATA","4150","FTP Data: 4096 bytes"
"126","4.885864455","192.168.1.6","192.168.1.7","TCP","54","20  >  50876 [ACK] Seq=1 Ack=36944 Win=62592 Len=0"
"127","4.885960869","192.168.1.7","192.168.1.6","ICMP","60","Echo (ping) request  id=0xd56a, seq=256/1, ttl=128 (reply in 128)"
"128","4.885972292","192.168.1.6","192.168.1.7","ICMP","43","Echo (ping) reply    id=0xd56a, seq=256/1, ttl=64 (request in 127)"
"129","4.886081528","192.168.1.7","192.168.1.6","FTP-DATA","4150","FTP Data: 4096 bytes"
"130","4.886088979","192.168.1.6","192.168.1.7","TCP","54","20  >  50876 [ACK] Seq=1 Ack=41040 Win=62592 Len=0"
"131","4.886170570","192.168.1.7","192.168.1.6","ICMP","60","Echo (ping) request  id=0xbdeb, seq=256/1, ttl=128 (reply in 132)"
"132","4.886179513","192.168.1.6","192.168.1.7","ICMP","43","Echo (ping) reply    id=0xbdeb, seq=256/1, ttl=64 (request in 131)"
"133","4.886287569","192.168.1.7","192.168.1.6","FTP-DATA","4150","FTP Data: 4096 bytes"
"134","4.886295286","192.168.1.6","192.168.1.7","TCP","54","20  >  50876 [ACK] Seq=1 Ack=45136 Win=62592 Len=0"
"135","4.886521539","192.168.1.7","192.168.1.6","ICMP","60","Echo (ping) request  id=0xf832, seq=256/1, ttl=128 (reply in 136)"
"136","4.886533716","192.168.1.6","192.168.1.7","ICMP","43","Echo (ping) reply    id=0xf832, seq=256/1, ttl=64 (request in 135)"
"137","4.886686654","192.168.1.7","192.168.1.6","FTP-DATA","4150","FTP Data: 4096 bytes"
"138","4.886695400","192.168.1.6","192.168.1.7","TCP","54","20  >  50876 [ACK] Seq=1 Ack=49232 Win=62592 Len=0"
"139","4.886786337","192.168.1.7","192.168.1.6","ICMP","60","Echo (ping) request  id=0xdd82, seq=256/1, ttl=128 (reply in 140)"
"140","4.886797968","192.168.1.6","192.168.1.7","ICMP","43","Echo (ping) reply    id=0xdd82, seq=256/1, ttl=64 (request in 139)"
"141","4.886965894","192.168.1.7","192.168.1.6","FTP-DATA","4150","FTP Data: 4096 bytes"
"142","4.886975595","192.168.1.6","192.168.1.7","TCP","54","20  >  50876 [ACK] Seq=1 Ack=53328 Win=62592 Len=0"
"143","4.887121952","192.168.1.7","192.168.1.6","ICMP","60","Echo (ping) request  id=0x82aa, seq=256/1, ttl=128 (reply in 144)"
"144","4.887134788","192.168.1.6","192.168.1.7","ICMP","43","Echo (ping) reply    id=0x82aa, seq=256/1, ttl=64 (request in 143)"
"145","4.887243139","192.168.1.7","192.168.1.6","FTP-DATA","4150","FTP Data: 4096 bytes"
"146","4.887251145","192.168.1.6","192.168.1.7","TCP","54","20  >  50876 [ACK] Seq=1 Ack=57424 Win=62592 Len=0"
"147","4.887358840","192.168.1.7","192.168.1.6","ICMP","60","Echo (ping) request  id=0xb7f5, seq=256/1, ttl=128 (reply in 148)"
"148","4.887369576","192.168.1.6","192.168.1.7","ICMP","43","Echo (ping) reply    id=0xb7f5, seq=256/1, ttl=64 (request in 147)"
"149","4.887495044","192.168.1.7","192.168.1.6","FTP-DATA","4150","FTP Data: 4096 bytes"
"150","4.887503475","192.168.1.6","192.168.1.7","TCP","54","20  >  50876 [ACK] Seq=1 Ack=61520 Win=62592 Len=0"
"151","4.887578907","192.168.1.7","192.168.1.6","ICMP","60","Echo (ping) request  id=0x3179, seq=256/1, ttl=128 (reply in 152)"
"152","4.887587840","192.168.1.6","192.168.1.7","ICMP","43","Echo (ping) reply    id=0x3179, seq=256/1, ttl=64 (request in 151)"
"153","4.887691345","192.168.1.7","192.168.1.6","FTP-DATA","4150","FTP Data: 4096 bytes"
"154","4.887698589","192.168.1.6","192.168.1.7","TCP","54","20  >  50876 [ACK] Seq=1 Ack=65616 Win=62592 Len=0"
"155","4.887753266","192.168.1.7","192.168.1.6","ICMP","60","Echo (ping) request  id=0x4ff7, seq=256/1, ttl=128 (reply in 156)"
"156","4.887761887","192.168.1.6","192.168.1.7","ICMP","43","Echo (ping) reply    id=0x4ff7, seq=256/1, ttl=64 (request in 155)"
"157","4.887870785","192.168.1.7","192.168.1.6","FTP-DATA","4150","FTP Data: 4096 bytes"
"158","4.887878695","192.168.1.6","192.168.1.7","TCP","54","20  >  50876 [ACK] Seq=1 Ack=69712 Win=72320 Len=0"
"159","4.887958296","192.168.1.7","192.168.1.6","ICMP","60","Echo (ping) request  id=0x925a, seq=256/1, ttl=128 (reply in 160)"
"160","4.887967417","192.168.1.6","192.168.1.7","ICMP","43","Echo (ping) reply    id=0x925a, seq=256/1, ttl=64 (request in 159)"
"161","4.888070263","192.168.1.7","192.168.1.6","FTP-DATA","4150","FTP Data: 4096 bytes"
"162","4.888077513","192.168.1.6","192.168.1.7","TCP","54","20  >  50876 [ACK] Seq=1 Ack=73808 Win=80512 Len=0"
"163","4.888121832","192.168.1.7","192.168.1.6","ICMP","60","Echo (ping) request  id=0xb9dd, seq=256/1, ttl=128 (reply in 164)"
"164","4.888130505","192.168.1.6","192.168.1.7","ICMP","43","Echo (ping) reply    id=0xb9dd, seq=256/1, ttl=64 (request in 163)"
"165","4.888250183","192.168.1.7","192.168.1.6","FTP-DATA","4150","FTP Data: 4096 bytes"
"166","4.888258083","192.168.1.6","192.168.1.7","TCP","54","20  >  50876 [ACK] Seq=1 Ack=77904 Win=88704 Len=0"
"167","4.888334604","192.168.1.7","192.168.1.6","ICMP","60","Echo (ping) request  id=0x3b0d, seq=256/1, ttl=128 (reply in 168)"
"168","4.888344257","192.168.1.6","192.168.1.7","ICMP","43","Echo (ping) reply    id=0x3b0d, seq=256/1, ttl=64 (request in 167)"
"169","4.888465628","192.168.1.7","192.168.1.6","FTP-DATA","4150","FTP Data: 4096 bytes"
"170","4.888473215","192.168.1.6","192.168.1.7","TCP","54","20  >  50876 [ACK] Seq=1 Ack=82000 Win=96896 Len=0"
"171","4.888546721","192.168.1.7","192.168.1.6","ICMP","60","Echo (ping) request  id=0x24d6, seq=256/1, ttl=128 (reply in 172)"
"172","4.888555563","192.168.1.6","192.168.1.7","ICMP","43","Echo (ping) reply    id=0x24d6, seq=256/1, ttl=64 (request in 171)"
"173","4.888669432","192.168.1.7","192.168.1.6","FTP-DATA","4150","FTP Data: 4096 bytes"
"174","4.888676656","192.168.1.6","192.168.1.7","TCP","54","20  >  50876 [ACK] Seq=1 Ack=86096 Win=105088 Len=0"
"175","4.888735220","192.168.1.7","192.168.1.6","ICMP","60","Echo (ping) request  id=0xcb4d, seq=256/1, ttl=128 (reply in 176)"
"176","4.888743725","192.168.1.6","192.168.1.7","ICMP","43","Echo (ping) reply    id=0xcb4d, seq=256/1, ttl=64 (request in 175)"
"177","4.888845225","192.168.1.7","192.168.1.6","FTP-DATA","4150","FTP Data: 4096 bytes"
"178","4.888852656","192.168.1.6","192.168.1.7","TCP","54","20  >  50876 [ACK] Seq=1 Ack=90192 Win=113280 Len=0"
"179","4.888914585","192.168.1.7","192.168.1.6","ICMP","60","Echo (ping) request  id=0x4890, seq=256/1, ttl=128 (reply in 180)"
"180","4.888922938","192.168.1.6","192.168.1.7","ICMP","43","Echo (ping) reply    id=0x4890, seq=256/1, ttl=64 (request in 179)"
"181","4.889033408","192.168.1.7","192.168.1.6","FTP-DATA","4150","FTP Data: 4096 bytes"
"182","4.889040497","192.168.1.6","192.168.1.7","TCP","54","20  >  50876 [ACK] Seq=1 Ack=94288 Win=121472 Len=0"
"183","4.889111403","192.168.1.7","192.168.1.6","ICMP","60","Echo (ping) request  id=0xde7c, seq=256/1, ttl=128 (reply in 184)"
"184","4.889120663","192.168.1.6","192.168.1.7","ICMP","43","Echo (ping) reply    id=0xde7c, seq=256/1, ttl=64 (request in 183)"
"185","4.889225714","192.168.1.7","192.168.1.6","FTP-DATA","4150","FTP Data: 4096 bytes"
"186","4.889232843","192.168.1.6","192.168.1.7","TCP","54","20  >  50876 [ACK] Seq=1 Ack=98384 Win=129664 Len=0"
"187","4.889293967","192.168.1.7","192.168.1.6","ICMP","60","Echo (ping) request  id=0xcd5a, seq=256/1, ttl=128 (reply in 188)"
"188","4.889302359","192.168.1.6","192.168.1.7","ICMP","43","Echo (ping) reply    id=0xcd5a, seq=256/1, ttl=64 (request in 187)"
"189","4.889411524","192.168.1.7","192.168.1.6","FTP-DATA","4150","FTP Data: 4096 bytes"
"190","4.889418621","192.168.1.6","192.168.1.7","TCP","54","20  >  50876 [ACK] Seq=1 Ack=102480 Win=137856 Len=0"
"191","4.889480346","192.168.1.7","192.168.1.6","ICMP","60","Echo (ping) request  id=0x2532, seq=256/1, ttl=128 (reply in 192)"
"192","4.889488704","192.168.1.6","192.168.1.7","ICMP","43","Echo (ping) reply    id=0x2532, seq=256/1, ttl=64 (request in 191)"
"193","4.889586669","192.168.1.7","192.168.1.6","FTP-DATA","4150","FTP Data: 4096 bytes"
"194","4.889593664","192.168.1.6","192.168.1.7","TCP","54","20  >  50876 [ACK] Seq=1 Ack=106576 Win=146048 Len=0"
"195","4.889637953","192.168.1.7","192.168.1.6","ICMP","60","Echo (ping) request  id=0x8b20, seq=256/1, ttl=128 (reply in 196)"
"196","4.889646125","192.168.1.6","192.168.1.7","ICMP","43","Echo (ping) reply    id=0x8b20, seq=256/1, ttl=64 (request in 195)"
"197","4.889757333","192.168.1.7","192.168.1.6","FTP-DATA","4150","FTP Data: 4096 bytes"
"198","4.889764596","192.168.1.6","192.168.1.7","TCP","54","20  >  50876 [ACK] Seq=1 Ack=110672 Win=154240 Len=0"
"199","4.890069395","192.168.1.7","192.168.1.6","ICMP","60","Echo (ping) request  id=0x8d2f, seq=256/1, ttl=128 (reply in 200)"
"200","4.890080754","192.168.1.6","192.168.1.7","ICMP","43","Echo (ping) reply    id=0x8d2f, seq=256/1, ttl=64 (request in 199)"
"201","4.890203290","192.168.1.7","192.168.1.6","FTP-DATA","4150","FTP Data: 4096 bytes"
"202","4.890214124","192.168.1.6","192.168.1.7","TCP","54","20  >  50876 [ACK] Seq=1 Ack=114768 Win=162432 Len=0"
"203","4.890312007","192.168.1.7","192.168.1.6","ICMP","60","Echo (ping) request  id=0x5cf6, seq=256/1, ttl=128 (reply in 204)"
"204","4.890324126","192.168.1.6","192.168.1.7","ICMP","43","Echo (ping) reply    id=0x5cf6, seq=256/1, ttl=64 (request in 203)"
"205","4.890431839","192.168.1.7","192.168.1.6","FTP-DATA","4150","FTP Data: 4096 bytes"
"206","4.890441741","192.168.1.6","192.168.1.7","TCP","54","20  >  50876 [ACK] Seq=1 Ack=118864 Win=170624 Len=0"
"207","4.890522254","192.168.1.7","192.168.1.6","ICMP","60","Echo (ping) request  id=0x5ad0, seq=256/1, ttl=128 (reply in 208)"
"208","4.890533534","192.168.1.6","192.168.1.7","ICMP","43","Echo (ping) reply    id=0x5ad0, seq=256/1, ttl=64 (request in 207)"
"209","4.890627507","192.168.1.7","192.168.1.6","FTP-DATA","4150","FTP Data: 4096 bytes"
"210","4.890634865","192.168.1.6","192.168.1.7","TCP","54","20  >  50876 [ACK] Seq=1 Ack=122960 Win=178816 Len=0"
"211","4.890704225","192.168.1.7","192.168.1.6","ICMP","60","Echo (ping) request  id=0x6e47, seq=256/1, ttl=128 (reply in 212)"
"212","4.890713060","192.168.1.6","192.168.1.7","ICMP","43","Echo (ping) reply    id=0x6e47, seq=256/1, ttl=64 (request in 211)"
"213","4.890823468","192.168.1.7","192.168.1.6","FTP-DATA","4150","FTP Data: 4096 bytes"
"214","4.890833223","192.168.1.6","192.168.1.7","TCP","54","20  >  50876 [ACK] Seq=1 Ack=127056 Win=187008 Len=0"
"215","4.890886968","192.168.1.7","192.168.1.6","ICMP","60","Echo (ping) request  id=0x3105, seq=256/1, ttl=128 (reply in 216)"
"216","4.890898103","192.168.1.6","192.168.1.7","ICMP","43","Echo (ping) reply    id=0x3105, seq=256/1, ttl=64 (request in 215)"
"217","4.890996906","192.168.1.7","192.168.1.6","FTP-DATA","4150","FTP Data: 4096 bytes"
"218","4.891004272","192.168.1.6","192.168.1.7","TCP","54","20  >  50876 [ACK] Seq=1 Ack=131152 Win=195200 Len=0"
"219","4.891067009","192.168.1.7","192.168.1.6","ICMP","60","Echo (ping) request  id=0xb225, seq=256/1, ttl=128 (reply in 220)"
"220","4.891075457","192.168.1.6","192.168.1.7","ICMP","43","Echo (ping) reply    id=0xb225, seq=256/1, ttl=64 (request in 219)"
"221","4.891188944","192.168.1.7","192.168.1.6","FTP-DATA","4150","FTP Data: 4096 bytes"
"222","4.891198774","192.168.1.6","192.168.1.7","TCP","54","20  >  50876 [ACK] Seq=1 Ack=135248 Win=203392 Len=0"
"223","4.891248099","192.168.1.7","192.168.1.6","ICMP","60","Echo (ping) request  id=0x922e, seq=256/1, ttl=128 (reply in 224)"
"224","4.891258568","192.168.1.6","192.168.1.7","ICMP","43","Echo (ping) reply    id=0x922e, seq=256/1, ttl=64 (request in 223)"
"225","4.891358298","192.168.1.7","192.168.1.6","FTP-DATA","4150","FTP Data: 4096 bytes"
"226","4.891366255","192.168.1.6","192.168.1.7","TCP","54","20  >  50876 [ACK] Seq=1 Ack=139344 Win=211584 Len=0"
"227","4.891431292","192.168.1.7","192.168.1.6","ICMP","60","Echo (ping) request  id=0x749c, seq=256/1, ttl=128 (reply in 228)"
"228","4.891439634","192.168.1.6","192.168.1.7","ICMP","43","Echo (ping) reply    id=0x749c, seq=256/1, ttl=64 (request in 227)"
"229","4.891554656","192.168.1.7","192.168.1.6","FTP-DATA","4150","FTP Data: 4096 bytes"
"230","4.891564222","192.168.1.6","192.168.1.7","TCP","54","20  >  50876 [ACK] Seq=1 Ack=143440 Win=219776 Len=0"
"231","4.891614496","192.168.1.7","192.168.1.6","ICMP","60","Echo (ping) request  id=0x5a26, seq=256/1, ttl=128 (reply in 232)"
"232","4.891625174","192.168.1.6","192.168.1.7","ICMP","43","Echo (ping) reply    id=0x5a26, seq=256/1, ttl=64 (request in 231)"
"233","4.891732891","192.168.1.7","192.168.1.6","FTP-DATA","4150","FTP Data: 4096 bytes"
"234","4.891740385","192.168.1.6","192.168.1.7","TCP","54","20  >  50876 [ACK] Seq=1 Ack=147536 Win=227968 Len=0"
"235","4.891813702","192.168.1.7","192.168.1.6","ICMP","60","Echo (ping) request  id=0x859c, seq=256/1, ttl=128 (reply in 236)"
"236","4.891823657","192.168.1.6","192.168.1.7","ICMP","43","Echo (ping) reply    id=0x859c, seq=256/1, ttl=64 (request in 235)"
"237","4.891977711","192.168.1.7","192.168.1.6","FTP-DATA","4150","FTP Data: 4096 bytes"
"238","4.891985285","192.168.1.6","192.168.1.7","TCP","54","20  >  50876 [ACK] Seq=1 Ack=151632 Win=236160 Len=0"
"239","4.892063730","192.168.1.7","192.168.1.6","ICMP","60","Echo (ping) request  id=0x586a, seq=256/1, ttl=128 (reply in 240)"
"240","4.892072904","192.168.1.6","192.168.1.7","ICMP","43","Echo (ping) reply    id=0x586a, seq=256/1, ttl=64 (request in 239)"
"241","4.892214818","192.168.1.7","192.168.1.6","FTP-DATA","4150","FTP Data: 4096 bytes"
"242","4.892221593","192.168.1.6","192.168.1.7","TCP","54","20  >  50876 [ACK] Seq=1 Ack=155728 Win=244352 Len=0"
"243","4.892300752","192.168.1.7","192.168.1.6","ICMP","60","Echo (ping) request  id=0xc779, seq=256/1, ttl=128 (reply in 244)"
"244","4.892309983","192.168.1.6","192.168.1.7","ICMP","43","Echo (ping) reply    id=0xc779, seq=256/1, ttl=64 (request in 243)"
"245","4.892451697","192.168.1.7","192.168.1.6","FTP-DATA","4150","FTP Data: 4096 bytes"
"246","4.892459036","192.168.1.6","192.168.1.7","TCP","54","20  >  50876 [ACK] Seq=1 Ack=159824 Win=252544 Len=0"
"247","4.892529681","192.168.1.7","192.168.1.6","ICMP","60","Echo (ping) request  id=0xa167, seq=256/1, ttl=128 (reply in 248)"
"248","4.892538842","192.168.1.6","192.168.1.7","ICMP","43","Echo (ping) reply    id=0xa167, seq=256/1, ttl=64 (request in 247)"
"249","4.892637998","192.168.1.7","192.168.1.6","FTP-DATA","4150","FTP Data: 4096 bytes"
"250","4.892645235","192.168.1.6","192.168.1.7","TCP","54","20  >  50876 [ACK] Seq=1 Ack=163920 Win=260736 Len=0"
"251","4.892717152","192.168.1.7","192.168.1.6","ICMP","60","Echo (ping) request  id=0xa7d1, seq=256/1, ttl=128 (reply in 252)"
"252","4.892726120","192.168.1.6","192.168.1.7","ICMP","43","Echo (ping) reply    id=0xa7d1, seq=256/1, ttl=64 (request in 251)"
"253","4.892859195","192.168.1.7","192.168.1.6","FTP-DATA","4150","FTP Data: 4096 bytes"
"254","4.892866081","192.168.1.6","192.168.1.7","TCP","54","20  >  50876 [ACK] Seq=1 Ack=168016 Win=268928 Len=0"
"255","4.892941768","192.168.1.7","192.168.1.6","ICMP","60","Echo (ping) request  id=0x3fa7, seq=256/1, ttl=128 (reply in 256)"
"256","4.892949970","192.168.1.6","192.168.1.7","ICMP","43","Echo (ping) reply    id=0x3fa7, seq=256/1, ttl=64 (request in 255)"
"257","4.893042853","192.168.1.7","192.168.1.6","FTP-DATA","4150","FTP Data: 4096 bytes"
"258","4.893049815","192.168.1.6","192.168.1.7","TCP","54","20  >  50876 [ACK] Seq=1 Ack=172112 Win=277120 Len=0"
"259","4.893125537","192.168.1.7","192.168.1.6","ICMP","60","Echo (ping) request  id=0x877b, seq=256/1, ttl=128 (reply in 260)"
"260","4.893133785","192.168.1.6","192.168.1.7","ICMP","43","Echo (ping) reply    id=0x877b, seq=256/1, ttl=64 (request in 259)"
"261","4.893238032","192.168.1.7","192.168.1.6","FTP-DATA","4150","FTP Data: 4096 bytes"
"262","4.893245261","192.168.1.6","192.168.1.7","TCP","54","20  >  50876 [ACK] Seq=1 Ack=176208 Win=285312 Len=0"
"263","4.893345927","192.168.1.7","192.168.1.6","ICMP","60","Echo (ping) request  id=0x03e3, seq=256/1, ttl=128 (reply in 264)"
"264","4.893354788","192.168.1.6","192.168.1.7","ICMP","43","Echo (ping) reply    id=0x03e3, seq=256/1, ttl=64 (request in 263)"
"265","4.893447996","192.168.1.7","192.168.1.6","FTP-DATA","4150","FTP Data: 4096 bytes"
"266","4.893455140","192.168.1.6","192.168.1.7","TCP","54","20  >  50876 [ACK] Seq=1 Ack=180304 Win=293504 Len=0"
"267","4.893524349","192.168.1.7","192.168.1.6","ICMP","60","Echo (ping) request  id=0xc4ac, seq=256/1, ttl=128 (reply in 268)"
"268","4.893532507","192.168.1.6","192.168.1.7","ICMP","43","Echo (ping) reply    id=0xc4ac, seq=256/1, ttl=64 (request in 267)"
"269","4.893647936","192.168.1.7","192.168.1.6","FTP-DATA","4150","FTP Data: 4096 bytes"
"270","4.893654550","192.168.1.6","192.168.1.7","TCP","54","20  >  50876 [ACK] Seq=1 Ack=184400 Win=301696 Len=0"
"271","4.893713880","192.168.1.7","192.168.1.6","ICMP","60","Echo (ping) request  id=0x9643, seq=256/1, ttl=128 (reply in 272)"
"272","4.893721642","192.168.1.6","192.168.1.7","ICMP","43","Echo (ping) reply    id=0x9643, seq=256/1, ttl=64 (request in 271)"
"273","4.893811145","192.168.1.7","192.168.1.6","FTP-DATA","4150","FTP Data: 4096 bytes"
"274","4.893817909","192.168.1.6","192.168.1.7","TCP","54","20  >  50876 [ACK] Seq=1 Ack=188496 Win=309888 Len=0"
"275","4.893892963","192.168.1.7","192.168.1.6","ICMP","60","Echo (ping) request  id=0x0e49, seq=256/1, ttl=128 (reply in 276)"
"276","4.893901095","192.168.1.6","192.168.1.7","ICMP","43","Echo (ping) reply    id=0x0e49, seq=256/1, ttl=64 (request in 275)"
"277","4.894002094","192.168.1.7","192.168.1.6","FTP-DATA","4150","FTP Data: 4096 bytes"
"278","4.894008562","192.168.1.6","192.168.1.7","TCP","54","20  >  50876 [ACK] Seq=1 Ack=192592 Win=318080 Len=0"
"279","4.894077221","192.168.1.7","192.168.1.6","ICMP","60","Echo (ping) request  id=0xad69, seq=256/1, ttl=128 (reply in 280)"
"280","4.894085559","192.168.1.6","192.168.1.7","ICMP","43","Echo (ping) reply    id=0xad69, seq=256/1, ttl=64 (request in 279)"
"281","4.894183359","192.168.1.7","192.168.1.6","FTP-DATA","4150","FTP Data: 4096 bytes"
"282","4.894190654","192.168.1.6","192.168.1.7","TCP","54","20  >  50876 [ACK] Seq=1 Ack=196688 Win=326272 Len=0"
"283","4.894264486","192.168.1.7","192.168.1.6","ICMP","60","Echo (ping) request  id=0xb6b6, seq=256/1, ttl=128 (reply in 284)"
"284","4.894273716","192.168.1.6","192.168.1.7","ICMP","43","Echo (ping) reply    id=0xb6b6, seq=256/1, ttl=64 (request in 283)"
"285","4.894379690","192.168.1.7","192.168.1.6","FTP-DATA","4150","FTP Data: 4096 bytes"
"286","4.894387176","192.168.1.6","192.168.1.7","TCP","54","20  >  50876 [ACK] Seq=1 Ack=200784 Win=334464 Len=0"
"287","4.894453742","192.168.1.7","192.168.1.6","ICMP","60","Echo (ping) request  id=0x977f, seq=256/1, ttl=128 (reply in 288)"
"288","4.894462316","192.168.1.6","192.168.1.7","ICMP","43","Echo (ping) reply    id=0x977f, seq=256/1, ttl=64 (request in 287)"
"289","4.894552404","192.168.1.7","192.168.1.6","FTP-DATA","4150","FTP Data: 4096 bytes"
"290","4.894559544","192.168.1.6","192.168.1.7","TCP","54","20  >  50876 [ACK] Seq=1 Ack=204880 Win=342656 Len=0"
"291","4.894630299","192.168.1.7","192.168.1.6","ICMP","60","Echo (ping) request  id=0x651c, seq=256/1, ttl=128 (reply in 292)"
"292","4.894638311","192.168.1.6","192.168.1.7","ICMP","43","Echo (ping) reply    id=0x651c, seq=256/1, ttl=64 (request in 291)"
"293","4.894744296","192.168.1.7","192.168.1.6","FTP-DATA","4150","FTP Data: 4096 bytes"
"294","4.894750932","192.168.1.6","192.168.1.7","TCP","54","20  >  50876 [ACK] Seq=1 Ack=208976 Win=350848 Len=0"
"295","4.894818254","192.168.1.7","192.168.1.6","ICMP","60","Echo (ping) request  id=0x64ee, seq=256/1, ttl=128 (reply in 296)"
"296","4.894826295","192.168.1.6","192.168.1.7","ICMP","43","Echo (ping) reply    id=0x64ee, seq=256/1, ttl=64 (request in 295)"
"297","4.894919357","192.168.1.7","192.168.1.6","FTP-DATA","4150","FTP Data: 4096 bytes"
"298","4.894925832","192.168.1.6","192.168.1.7","TCP","54","20  >  50876 [ACK] Seq=1 Ack=213072 Win=359040 Len=0"
"299","4.894992345","192.168.1.7","192.168.1.6","ICMP","60","Echo (ping) request  id=0xd51c, seq=256/1, ttl=128 (reply in 300)"
"300","4.895000075","192.168.1.6","192.168.1.7","ICMP","43","Echo (ping) reply    id=0xd51c, seq=256/1, ttl=64 (request in 299)"
"301","4.895104537","192.168.1.7","192.168.1.6","FTP-DATA","4150","FTP Data: 4096 bytes"
"302","4.895110936","192.168.1.6","192.168.1.7","TCP","54","20  >  50876 [ACK] Seq=1 Ack=217168 Win=367232 Len=0"
"303","4.895186654","192.168.1.7","192.168.1.6","ICMP","60","Echo (ping) request  id=0xda00, seq=256/1, ttl=128 (reply in 304)"
"304","4.895195198","192.168.1.6","192.168.1.7","ICMP","43","Echo (ping) reply    id=0xda00, seq=256/1, ttl=64 (request in 303)"
"305","4.895289390","192.168.1.7","192.168.1.6","FTP-DATA","4150","FTP Data: 4096 bytes"
"306","4.895296489","192.168.1.6","192.168.1.7","TCP","54","20  >  50876 [ACK] Seq=1 Ack=221264 Win=375424 Len=0"
"307","4.895362406","192.168.1.7","192.168.1.6","ICMP","60","Echo (ping) request  id=0x281a, seq=256/1, ttl=128 (reply in 308)"
"308","4.895370278","192.168.1.6","192.168.1.7","ICMP","43","Echo (ping) reply    id=0x281a, seq=256/1, ttl=64 (request in 307)"
"309","4.895478683","192.168.1.7","192.168.1.6","FTP-DATA","4150","FTP Data: 4096 bytes"
"310","4.895485288","192.168.1.6","192.168.1.7","TCP","54","20  >  50876 [ACK] Seq=1 Ack=225360 Win=383616 Len=0"
"311","4.895532543","192.168.1.7","192.168.1.6","ICMP","60","Echo (ping) request  id=0x1ea0, seq=256/1, ttl=128 (reply in 312)"
"312","4.895551246","192.168.1.6","192.168.1.7","ICMP","43","Echo (ping) reply    id=0x1ea0, seq=256/1, ttl=64 (request in 311)"
"313","4.895641482","192.168.1.7","192.168.1.6","FTP-DATA","4150","FTP Data: 4096 bytes"
"314","4.895651597","192.168.1.6","192.168.1.7","TCP","54","20  >  50876 [ACK] Seq=1 Ack=229456 Win=391808 Len=0"
"315","4.895703780","192.168.1.7","192.168.1.6","ICMP","60","Echo (ping) request  id=0x15d6, seq=256/1, ttl=128 (reply in 316)"
"316","4.895712073","192.168.1.6","192.168.1.7","ICMP","43","Echo (ping) reply    id=0x15d6, seq=256/1, ttl=64 (request in 315)"
"317","4.895819746","192.168.1.7","192.168.1.6","FTP-DATA","4150","FTP Data: 4096 bytes"
"318","4.895826457","192.168.1.6","192.168.1.7","TCP","54","20  >  50876 [ACK] Seq=1 Ack=233552 Win=400000 Len=0"
"319","4.895871198","192.168.1.7","192.168.1.6","ICMP","60","Echo (ping) request  id=0xcefc, seq=256/1, ttl=128 (reply in 320)"
"320","4.895879073","192.168.1.6","192.168.1.7","ICMP","43","Echo (ping) reply    id=0xcefc, seq=256/1, ttl=64 (request in 319)"
"321","4.895980298","192.168.1.7","192.168.1.6","FTP-DATA","4150","FTP Data: 4096 bytes"
"322","4.895987126","192.168.1.6","192.168.1.7","TCP","54","20  >  50876 [ACK] Seq=1 Ack=237648 Win=408192 Len=0"
"323","4.896031436","192.168.1.7","192.168.1.6","ICMP","60","Echo (ping) request  id=0x3478, seq=256/1, ttl=128 (reply in 324)"
"324","4.896039207","192.168.1.6","192.168.1.7","ICMP","43","Echo (ping) reply    id=0x3478, seq=256/1, ttl=64 (request in 323)"
"325","4.896148378","192.168.1.7","192.168.1.6","FTP-DATA","4150","FTP Data: 4096 bytes"
"326","4.896155175","192.168.1.6","192.168.1.7","TCP","54","20  >  50876 [ACK] Seq=1 Ack=241744 Win=416384 Len=0"
"327","4.896200894","192.168.1.7","192.168.1.6","ICMP","60","Echo (ping) request  id=0xbdc4, seq=256/1, ttl=128 (reply in 328)"
"328","4.896210846","192.168.1.6","192.168.1.7","ICMP","43","Echo (ping) reply    id=0xbdc4, seq=256/1, ttl=64 (request in 327)"
"329","4.896311268","192.168.1.7","192.168.1.6","FTP-DATA","4150","FTP Data: 4096 bytes"
"330","4.896318214","192.168.1.6","192.168.1.7","TCP","54","20  >  50876 [ACK] Seq=1 Ack=245840 Win=424576 Len=0"
"331","4.896362122","192.168.1.7","192.168.1.6","ICMP","60","Echo (ping) request  id=0xdf9f, seq=256/1, ttl=128 (reply in 332)"
"332","4.896370213","192.168.1.6","192.168.1.7","ICMP","43","Echo (ping) reply    id=0xdf9f, seq=256/1, ttl=64 (request in 331)"
"333","4.896478498","192.168.1.7","192.168.1.6","FTP-DATA","4150","FTP Data: 4096 bytes"
"334","4.896485457","192.168.1.6","192.168.1.7","TCP","54","20  >  50876 [ACK] Seq=1 Ack=249936 Win=432768 Len=0"
"335","4.896563094","192.168.1.7","192.168.1.6","ICMP","60","Echo (ping) request  id=0x3e77, seq=256/1, ttl=128 (reply in 336)"
"336","4.896571936","192.168.1.6","192.168.1.7","ICMP","43","Echo (ping) reply    id=0x3e77, seq=256/1, ttl=64 (request in 335)"
"337","4.896715918","192.168.1.7","192.168.1.6","FTP-DATA","4150","FTP Data: 4096 bytes"
"338","4.896723215","192.168.1.6","192.168.1.7","TCP","54","20  >  50876 [ACK] Seq=1 Ack=254032 Win=440960 Len=0"
"339","4.896771876","192.168.1.7","192.168.1.6","ICMP","60","Echo (ping) request  id=0x2ecc, seq=256/1, ttl=128 (reply in 340)"
"340","4.896781026","192.168.1.6","192.168.1.7","ICMP","43","Echo (ping) reply    id=0x2ecc, seq=256/1, ttl=64 (request in 339)"
"341","4.896896155","192.168.1.7","192.168.1.6","FTP-DATA","4150","FTP Data: 4096 bytes"
"342","4.896903456","192.168.1.6","192.168.1.7","TCP","54","20  >  50876 [ACK] Seq=1 Ack=258128 Win=449152 Len=0"
"343","4.897111786","192.168.1.7","192.168.1.6","ICMP","60","Echo (ping) request  id=0x4232, seq=256/1, ttl=128 (reply in 344)"
"344","4.897121770","192.168.1.6","192.168.1.7","ICMP","43","Echo (ping) reply    id=0x4232, seq=256/1, ttl=64 (request in 343)"
"345","4.897212832","192.168.1.7","192.168.1.6","FTP-DATA","4150","FTP Data: 4096 bytes"
"346","4.897219976","192.168.1.6","192.168.1.7","TCP","54","20  >  50876 [ACK] Seq=1 Ack=262224 Win=457344 Len=0"
"347","4.897291777","192.168.1.7","192.168.1.6","ICMP","60","Echo (ping) request  id=0xd115, seq=256/1, ttl=128 (reply in 348)"
"348","4.897299807","192.168.1.6","192.168.1.7","ICMP","43","Echo (ping) reply    id=0xd115, seq=256/1, ttl=64 (request in 347)"
"349","4.897408102","192.168.1.7","192.168.1.6","FTP-DATA","4150","FTP Data: 4096 bytes"
"350","4.897414649","192.168.1.6","192.168.1.7","TCP","54","20  >  50876 [ACK] Seq=1 Ack=266320 Win=465536 Len=0"
"351","4.897481087","192.168.1.7","192.168.1.6","ICMP","60","Echo (ping) request  id=0x43aa, seq=256/1, ttl=128 (reply in 352)"
"352","4.897489549","192.168.1.6","192.168.1.7","ICMP","43","Echo (ping) reply    id=0x43aa, seq=256/1, ttl=64 (request in 351)"
"353","4.897583961","192.168.1.7","192.168.1.6","FTP-DATA","4150","FTP Data: 4096 bytes"
"354","4.897590401","192.168.1.6","192.168.1.7","TCP","54","20  >  50876 [ACK] Seq=1 Ack=270416 Win=473728 Len=0"
"355","4.897666730","192.168.1.7","192.168.1.6","ICMP","60","Echo (ping) request  id=0x378a, seq=256/1, ttl=128 (reply in 356)"
"356","4.897674827","192.168.1.6","192.168.1.7","ICMP","43","Echo (ping) reply    id=0x378a, seq=256/1, ttl=64 (request in 355)"
"357","4.897780458","192.168.1.7","192.168.1.6","FTP-DATA","4150","FTP Data: 4096 bytes"
"358","4.897787504","192.168.1.6","192.168.1.7","TCP","54","20  >  50876 [ACK] Seq=1 Ack=274512 Win=481920 Len=0"
"359","4.897861764","192.168.1.7","192.168.1.6","ICMP","60","Echo (ping) request  id=0x031c, seq=256/1, ttl=128 (reply in 360)"
"360","4.897870387","192.168.1.6","192.168.1.7","ICMP","43","Echo (ping) reply    id=0x031c, seq=256/1, ttl=64 (request in 359)"
"361","4.897959520","192.168.1.7","192.168.1.6","FTP-DATA","4150","FTP Data: 4096 bytes"
"362","4.897966254","192.168.1.6","192.168.1.7","TCP","54","20  >  50876 [ACK] Seq=1 Ack=278608 Win=490112 Len=0"
"363","4.898043121","192.168.1.7","192.168.1.6","ICMP","60","Echo (ping) request  id=0x58e9, seq=256/1, ttl=128 (reply in 364)"
"364","4.898053809","192.168.1.6","192.168.1.7","ICMP","43","Echo (ping) reply    id=0x58e9, seq=256/1, ttl=64 (request in 363)"
"365","4.898209518","192.168.1.7","192.168.1.6","FTP-DATA","4150","FTP Data: 4096 bytes"
"366","4.898222711","192.168.1.6","192.168.1.7","TCP","54","20  >  50876 [ACK] Seq=1 Ack=282704 Win=498304 Len=0"
"367","4.898324900","192.168.1.7","192.168.1.6","ICMP","60","Echo (ping) request  id=0xf8e4, seq=256/1, ttl=128 (reply in 368)"
"368","4.898347410","192.168.1.6","192.168.1.7","ICMP","43","Echo (ping) reply    id=0xf8e4, seq=256/1, ttl=64 (request in 367)"
"369","4.898498963","192.168.1.7","192.168.1.6","FTP-DATA","4150","FTP Data: 4096 bytes"
"370","4.898509198","192.168.1.6","192.168.1.7","TCP","54","20  >  50876 [ACK] Seq=1 Ack=286800 Win=506496 Len=0"
"371","4.898582734","192.168.1.7","192.168.1.6","ICMP","60","Echo (ping) request  id=0x77fc, seq=256/1, ttl=128 (reply in 372)"
"372","4.898594219","192.168.1.6","192.168.1.7","ICMP","43","Echo (ping) reply    id=0x77fc, seq=256/1, ttl=64 (request in 371)"
"373","4.898728264","192.168.1.7","192.168.1.6","FTP-DATA","4150","FTP Data: 4096 bytes"
"374","4.898738013","192.168.1.6","192.168.1.7","TCP","54","20  >  50876 [ACK] Seq=1 Ack=290896 Win=514688 Len=0"
"375","4.898825258","192.168.1.7","192.168.1.6","ICMP","60","Echo (ping) request  id=0x8b8e, seq=256/1, ttl=128 (reply in 376)"
"376","4.898838169","192.168.1.6","192.168.1.7","ICMP","43","Echo (ping) reply    id=0x8b8e, seq=256/1, ttl=64 (request in 375)"
"377","4.898941236","192.168.1.7","192.168.1.6","FTP-DATA","4150","FTP Data: 4096 bytes"
"378","4.898948633","192.168.1.6","192.168.1.7","TCP","54","20  >  50876 [ACK] Seq=1 Ack=294992 Win=522880 Len=0"
"379","4.899018964","192.168.1.7","192.168.1.6","ICMP","60","Echo (ping) request  id=0xafc6, seq=256/1, ttl=128 (reply in 380)"
"380","4.899027515","192.168.1.6","192.168.1.7","ICMP","43","Echo (ping) reply    id=0xafc6, seq=256/1, ttl=64 (request in 379)"
"381","4.899137084","192.168.1.7","192.168.1.6","FTP-DATA","4150","FTP Data: 4096 bytes"
"382","4.899143622","192.168.1.6","192.168.1.7","TCP","54","20  >  50876 [ACK] Seq=1 Ack=299088 Win=531072 Len=0"
"383","4.899219845","192.168.1.7","192.168.1.6","ICMP","60","Echo (ping) request  id=0x9fad, seq=256/1, ttl=128 (reply in 384)"
"384","4.899228345","192.168.1.6","192.168.1.7","ICMP","43","Echo (ping) reply    id=0x9fad, seq=256/1, ttl=64 (request in 383)"
"385","4.899321708","192.168.1.7","192.168.1.6","FTP-DATA","4150","FTP Data: 4096 bytes"
"386","4.899328252","192.168.1.6","192.168.1.7","TCP","54","20  >  50876 [ACK] Seq=1 Ack=303184 Win=539264 Len=0"
"387","4.899404651","192.168.1.7","192.168.1.6","ICMP","60","Echo (ping) request  id=0xfaee, seq=256/1, ttl=128 (reply in 388)"
"388","4.899412638","192.168.1.6","192.168.1.7","ICMP","43","Echo (ping) reply    id=0xfaee, seq=256/1, ttl=64 (request in 387)"
"389","4.899520029","192.168.1.7","192.168.1.6","FTP-DATA","4150","FTP Data: 4096 bytes"
"390","4.899527174","192.168.1.6","192.168.1.7","TCP","54","20  >  50876 [ACK] Seq=1 Ack=307280 Win=547456 Len=0"
"391","4.899592940","192.168.1.7","192.168.1.6","ICMP","60","Echo (ping) request  id=0xe235, seq=256/1, ttl=128 (reply in 392)"
"392","4.899601112","192.168.1.6","192.168.1.7","ICMP","43","Echo (ping) reply    id=0xe235, seq=256/1, ttl=64 (request in 391)"
"393","4.899689895","192.168.1.7","192.168.1.6","FTP-DATA","4150","FTP Data: 4096 bytes"
"394","4.899696381","192.168.1.6","192.168.1.7","TCP","54","20  >  50876 [ACK] Seq=1 Ack=311376 Win=555648 Len=0"
"395","4.899773551","192.168.1.7","192.168.1.6","ICMP","60","Echo (ping) request  id=0x8127, seq=256/1, ttl=128 (reply in 396)"
"396","4.899781656","192.168.1.6","192.168.1.7","ICMP","43","Echo (ping) reply    id=0x8127, seq=256/1, ttl=64 (request in 395)"
"397","4.899892209","192.168.1.7","192.168.1.6","FTP-DATA","4150","FTP Data: 4096 bytes"
"398","4.899899470","192.168.1.6","192.168.1.7","TCP","54","20  >  50876 [ACK] Seq=1 Ack=315472 Win=563840 Len=0"
"399","4.899962392","192.168.1.7","192.168.1.6","ICMP","60","Echo (ping) request  id=0x7525, seq=256/1, ttl=128 (reply in 400)"
"400","4.899970866","192.168.1.6","192.168.1.7","ICMP","43","Echo (ping) reply    id=0x7525, seq=256/1, ttl=64 (request in 399)"
"401","4.900062403","192.168.1.7","192.168.1.6","FTP-DATA","4150","FTP Data: 4096 bytes"
"402","4.900069282","192.168.1.6","192.168.1.7","TCP","54","20  >  50876 [ACK] Seq=1 Ack=319568 Win=572032 Len=0"
"403","4.900144578","192.168.1.7","192.168.1.6","ICMP","60","Echo (ping) request  id=0xac7a, seq=256/1, ttl=128 (reply in 404)"
"404","4.900152798","192.168.1.6","192.168.1.7","ICMP","43","Echo (ping) reply    id=0xac7a, seq=256/1, ttl=64 (request in 403)"
"405","4.900264155","192.168.1.7","192.168.1.6","FTP-DATA","4150","FTP Data: 4096 bytes"
"406","4.900273422","192.168.1.6","192.168.1.7","TCP","54","20  >  50876 [ACK] Seq=1 Ack=323664 Win=580224 Len=0"
"407","4.900344921","192.168.1.7","192.168.1.6","ICMP","60","Echo (ping) request  id=0x62ca, seq=256/1, ttl=128 (reply in 408)"
"408","4.900356936","192.168.1.6","192.168.1.7","ICMP","43","Echo (ping) reply    id=0x62ca, seq=256/1, ttl=64 (request in 407)"
"409","4.900532844","192.168.1.7","192.168.1.6","FTP-DATA","4150","FTP Data: 4096 bytes"
"410","4.900546371","192.168.1.6","192.168.1.7","TCP","54","20  >  50876 [ACK] Seq=1 Ack=327760 Win=588416 Len=0"
"411","4.900637869","192.168.1.7","192.168.1.6","ICMP","60","Echo (ping) request  id=0xd55c, seq=256/1, ttl=128 (reply in 412)"
"412","4.900655188","192.168.1.6","192.168.1.7","ICMP","43","Echo (ping) reply    id=0xd55c, seq=256/1, ttl=64 (request in 411)"
"413","4.900809875","192.168.1.7","192.168.1.6","FTP-DATA","4150","FTP Data: 4096 bytes"
"414","4.900822311","192.168.1.6","192.168.1.7","TCP","54","20  >  50876 [ACK] Seq=1 Ack=331856 Win=596608 Len=0"
"415","4.900944143","192.168.1.7","192.168.1.6","ICMP","60","Echo (ping) request  id=0xdcb0, seq=256/1, ttl=128 (reply in 416)"
"416","4.900958669","192.168.1.6","192.168.1.7","ICMP","43","Echo (ping) reply    id=0xdcb0, seq=256/1, ttl=64 (request in 415)"
"417","4.901095196","192.168.1.7","192.168.1.6","FTP-DATA","4150","FTP Data: 4096 bytes"
"418","4.901108927","192.168.1.6","192.168.1.7","TCP","54","20  >  50876 [ACK] Seq=1 Ack=335952 Win=604800 Len=0"
"419","4.901220286","192.168.1.7","192.168.1.6","ICMP","60","Echo (ping) request  id=0x605e, seq=256/1, ttl=128 (reply in 420)"
"420","4.901234782","192.168.1.6","192.168.1.7","ICMP","43","Echo (ping) reply    id=0x605e, seq=256/1, ttl=64 (request in 419)"
"421","4.901378728","192.168.1.7","192.168.1.6","FTP-DATA","4150","FTP Data: 4096 bytes"
"422","4.901388993","192.168.1.6","192.168.1.7","TCP","54","20  >  50876 [ACK] Seq=1 Ack=340048 Win=612992 Len=0"
"423","4.901487889","192.168.1.7","192.168.1.6","ICMP","60","Echo (ping) request  id=0xc251, seq=256/1, ttl=128 (reply in 424)"
"424","4.901504890","192.168.1.6","192.168.1.7","ICMP","43","Echo (ping) reply    id=0xc251, seq=256/1, ttl=64 (request in 423)"
"425","4.901608736","192.168.1.7","192.168.1.6","FTP-DATA","4150","FTP Data: 4096 bytes"
"426","4.901618265","192.168.1.6","192.168.1.7","TCP","54","20  >  50876 [ACK] Seq=1 Ack=344144 Win=621184 Len=0"
"427","4.901707042","192.168.1.7","192.168.1.6","ICMP","60","Echo (ping) request  id=0x2469, seq=256/1, ttl=128 (reply in 428)"
"428","4.901717846","192.168.1.6","192.168.1.7","ICMP","43","Echo (ping) reply    id=0x2469, seq=256/1, ttl=64 (request in 427)"
"429","4.901834412","192.168.1.7","192.168.1.6","FTP-DATA","4150","FTP Data: 4096 bytes"
"430","4.901841705","192.168.1.6","192.168.1.7","TCP","54","20  >  50876 [ACK] Seq=1 Ack=348240 Win=629376 Len=0"
"431","4.901931622","192.168.1.7","192.168.1.6","ICMP","60","Echo (ping) request  id=0xe1ef, seq=256/1, ttl=128 (reply in 432)"
"432","4.901943425","192.168.1.6","192.168.1.7","ICMP","43","Echo (ping) reply    id=0xe1ef, seq=256/1, ttl=64 (request in 431)"
"433","4.902056636","192.168.1.7","192.168.1.6","FTP-DATA","4150","FTP Data: 4096 bytes"
"434","4.902064956","192.168.1.6","192.168.1.7","TCP","54","20  >  50876 [ACK] Seq=1 Ack=352336 Win=637568 Len=0"
"435","4.902134401","192.168.1.7","192.168.1.6","ICMP","60","Echo (ping) request  id=0xd574, seq=256/1, ttl=128 (reply in 436)"
"436","4.902144598","192.168.1.6","192.168.1.7","ICMP","43","Echo (ping) reply    id=0xd574, seq=256/1, ttl=64 (request in 435)"
"437","4.902290274","192.168.1.7","192.168.1.6","FTP-DATA","4150","FTP Data: 4096 bytes"
"438","4.902298220","192.168.1.6","192.168.1.7","TCP","54","20  >  50876 [ACK] Seq=1 Ack=356432 Win=645760 Len=0"
"439","4.902348541","192.168.1.7","192.168.1.6","ICMP","60","Echo (ping) request  id=0x6766, seq=256/1, ttl=128 (reply in 440)"
"440","4.902357663","192.168.1.6","192.168.1.7","ICMP","43","Echo (ping) reply    id=0x6766, seq=256/1, ttl=64 (request in 439)"
"441","4.902456762","192.168.1.7","192.168.1.6","FTP-DATA","4150","FTP Data: 4096 bytes"
"442","4.902464044","192.168.1.6","192.168.1.7","TCP","54","20  >  50876 [ACK] Seq=1 Ack=360528 Win=653952 Len=0"
"443","4.902535048","192.168.1.7","192.168.1.6","ICMP","60","Echo (ping) request  id=0xbdca, seq=256/1, ttl=128 (reply in 444)"
"444","4.902544009","192.168.1.6","192.168.1.7","ICMP","43","Echo (ping) reply    id=0xbdca, seq=256/1, ttl=64 (request in 443)"
"445","4.902652808","192.168.1.7","192.168.1.6","FTP-DATA","4150","FTP Data: 4096 bytes"
"446","4.902660281","192.168.1.6","192.168.1.7","TCP","54","20  >  50876 [ACK] Seq=1 Ack=364624 Win=662144 Len=0"
"447","4.902728557","192.168.1.7","192.168.1.6","ICMP","60","Echo (ping) request  id=0x2e77, seq=256/1, ttl=128 (reply in 448)"
"448","4.902736882","192.168.1.6","192.168.1.7","ICMP","43","Echo (ping) reply    id=0x2e77, seq=256/1, ttl=64 (request in 447)"
"449","4.902836235","192.168.1.7","192.168.1.6","FTP-DATA","4150","FTP Data: 4096 bytes"
"450","4.902842663","192.168.1.6","192.168.1.7","TCP","54","20  >  50876 [ACK] Seq=1 Ack=368720 Win=670336 Len=0"
"451","4.902903740","192.168.1.7","192.168.1.6","ICMP","60","Echo (ping) request  id=0x2bae, seq=256/1, ttl=128 (reply in 452)"
"452","4.902911558","192.168.1.6","192.168.1.7","ICMP","43","Echo (ping) reply    id=0x2bae, seq=256/1, ttl=64 (request in 451)"
"453","4.903017483","192.168.1.7","192.168.1.6","FTP-DATA","4150","FTP Data: 4096 bytes"
"454","4.903024078","192.168.1.6","192.168.1.7","TCP","54","20  >  50876 [ACK] Seq=1 Ack=372816 Win=678528 Len=0"
"455","4.903085496","192.168.1.7","192.168.1.6","ICMP","60","Echo (ping) request  id=0x20ec, seq=256/1, ttl=128 (reply in 456)"
"456","4.903093471","192.168.1.6","192.168.1.7","ICMP","43","Echo (ping) reply    id=0x20ec, seq=256/1, ttl=64 (request in 455)"
"457","4.903181134","192.168.1.7","192.168.1.6","FTP-DATA","4150","FTP Data: 4096 bytes"
"458","4.903188034","192.168.1.6","192.168.1.7","TCP","54","20  >  50876 [ACK] Seq=1 Ack=376912 Win=686720 Len=0"
"459","4.903261517","192.168.1.7","192.168.1.6","ICMP","60","Echo (ping) request  id=0x2bca, seq=256/1, ttl=128 (reply in 460)"
"460","4.903270198","192.168.1.6","192.168.1.7","ICMP","43","Echo (ping) reply    id=0x2bca, seq=256/1, ttl=64 (request in 459)"
"461","4.903375405","192.168.1.7","192.168.1.6","FTP-DATA","4150","FTP Data: 4096 bytes"
"462","4.903382017","192.168.1.6","192.168.1.7","TCP","54","20  >  50876 [ACK] Seq=1 Ack=381008 Win=694912 Len=0"
"463","4.903451303","192.168.1.7","192.168.1.6","ICMP","60","Echo (ping) request  id=0x6c93, seq=256/1, ttl=128 (reply in 464)"
"464","4.903459347","192.168.1.6","192.168.1.7","ICMP","43","Echo (ping) reply    id=0x6c93, seq=256/1, ttl=64 (request in 463)"
"465","4.903566684","192.168.1.7","192.168.1.6","FTP-DATA","4150","FTP Data: 4096 bytes"
"466","4.903573722","192.168.1.6","192.168.1.7","TCP","54","20  >  50876 [ACK] Seq=1 Ack=385104 Win=703104 Len=0"
"467","4.903637893","192.168.1.7","192.168.1.6","ICMP","60","Echo (ping) request  id=0x5987, seq=256/1, ttl=128 (reply in 468)"
"468","4.903645902","192.168.1.6","192.168.1.7","ICMP","43","Echo (ping) reply    id=0x5987, seq=256/1, ttl=64 (request in 467)"
"469","4.903751116","192.168.1.7","192.168.1.6","FTP-DATA","4150","FTP Data: 4096 bytes"
"470","4.903757963","192.168.1.6","192.168.1.7","TCP","54","20  >  50876 [ACK] Seq=1 Ack=389200 Win=711296 Len=0"
"471","4.903825123","192.168.1.7","192.168.1.6","ICMP","60","Echo (ping) request  id=0x8a2b, seq=256/1, ttl=128 (reply in 472)"
"472","4.903834922","192.168.1.6","192.168.1.7","ICMP","43","Echo (ping) reply    id=0x8a2b, seq=256/1, ttl=64 (request in 471)"
"473","4.903933296","192.168.1.7","192.168.1.6","FTP-DATA","4150","FTP Data: 4096 bytes"
"474","4.903939814","192.168.1.6","192.168.1.7","TCP","54","20  >  50876 [ACK] Seq=1 Ack=393296 Win=719488 Len=0"
"475","4.904000737","192.168.1.7","192.168.1.6","ICMP","60","Echo (ping) request  id=0x9ee0, seq=256/1, ttl=128 (reply in 476)"
"476","4.904008688","192.168.1.6","192.168.1.7","ICMP","43","Echo (ping) reply    id=0x9ee0, seq=256/1, ttl=64 (request in 475)"
"477","4.904232909","192.168.1.7","192.168.1.6","FTP-DATA","4150","FTP Data: 4096 bytes"
"478","4.904241043","192.168.1.6","192.168.1.7","TCP","54","20  >  50876 [ACK] Seq=1 Ack=397392 Win=727680 Len=0"
"479","4.904233005","192.168.1.7","192.168.1.6","ICMP","60","Echo (ping) request  id=0xf807, seq=256/1, ttl=128 (reply in 480)"
"480","4.904257432","192.168.1.6","192.168.1.7","ICMP","43","Echo (ping) reply    id=0xf807, seq=256/1, ttl=64 (request in 479)"
"481","4.904354850","192.168.1.7","192.168.1.6","FTP-DATA","4150","FTP Data: 4096 bytes"
"482","4.904361766","192.168.1.6","192.168.1.7","TCP","54","20  >  50876 [ACK] Seq=1 Ack=401488 Win=735872 Len=0"
"483","4.904436867","192.168.1.7","192.168.1.6","ICMP","60","Echo (ping) request  id=0x2266, seq=256/1, ttl=128 (reply in 484)"
"484","4.904445458","192.168.1.6","192.168.1.7","ICMP","43","Echo (ping) reply    id=0x2266, seq=256/1, ttl=64 (request in 483)"
"485","4.904553293","192.168.1.7","192.168.1.6","FTP-DATA","4150","FTP Data: 4096 bytes"
"486","4.904561004","192.168.1.6","192.168.1.7","TCP","54","20  >  50876 [ACK] Seq=1 Ack=405584 Win=744064 Len=0"
"487","4.904630228","192.168.1.7","192.168.1.6","ICMP","60","Echo (ping) request  id=0xf002, seq=256/1, ttl=128 (reply in 488)"
"488","4.904639001","192.168.1.6","192.168.1.7","ICMP","43","Echo (ping) reply    id=0xf002, seq=256/1, ttl=64 (request in 487)"
"489","4.904727459","192.168.1.7","192.168.1.6","FTP-DATA","4150","FTP Data: 4096 bytes"
"490","4.904733925","192.168.1.6","192.168.1.7","TCP","54","20  >  50876 [ACK] Seq=1 Ack=409680 Win=752256 Len=0"
"491","4.904811252","192.168.1.7","192.168.1.6","ICMP","60","Echo (ping) request  id=0x9a60, seq=256/1, ttl=128 (reply in 492)"
"492","4.904819200","192.168.1.6","192.168.1.7","ICMP","43","Echo (ping) reply    id=0x9a60, seq=256/1, ttl=64 (request in 491)"
"493","4.904926051","192.168.1.7","192.168.1.6","FTP-DATA","4150","FTP Data: 4096 bytes"
"494","4.904932737","192.168.1.6","192.168.1.7","TCP","54","20  >  50876 [ACK] Seq=1 Ack=413776 Win=760448 Len=0"
"495","4.904998410","192.168.1.7","192.168.1.6","ICMP","60","Echo (ping) request  id=0x5710, seq=256/1, ttl=128 (reply in 496)"
"496","4.905006606","192.168.1.6","192.168.1.7","ICMP","43","Echo (ping) reply    id=0x5710, seq=256/1, ttl=64 (request in 495)"
"497","4.905098028","192.168.1.7","192.168.1.6","FTP-DATA","4150","FTP Data: 4096 bytes"
"498","4.905104512","192.168.1.6","192.168.1.7","TCP","54","20  >  50876 [ACK] Seq=1 Ack=417872 Win=768640 Len=0"
"499","4.905173065","192.168.1.7","192.168.1.6","ICMP","60","Echo (ping) request  id=0x27fd, seq=256/1, ttl=128 (reply in 500)"
"500","4.905181131","192.168.1.6","192.168.1.7","ICMP","43","Echo (ping) reply    id=0x27fd, seq=256/1, ttl=64 (request in 499)"
"501","4.905282134","192.168.1.7","192.168.1.6","FTP-DATA","4150","FTP Data: 4096 bytes"
"502","4.905288979","192.168.1.6","192.168.1.7","TCP","54","20  >  50876 [ACK] Seq=1 Ack=421968 Win=776832 Len=0"
"503","4.905359638","192.168.1.7","192.168.1.6","ICMP","60","Echo (ping) request  id=0xf942, seq=256/1, ttl=128 (reply in 504)"
"504","4.905367741","192.168.1.6","192.168.1.7","ICMP","43","Echo (ping) reply    id=0xf942, seq=256/1, ttl=64 (request in 503)"
"505","4.905462777","192.168.1.7","192.168.1.6","FTP-DATA","4150","FTP Data: 4096 bytes"
"506","4.905469960","192.168.1.6","192.168.1.7","TCP","54","20  >  50876 [ACK] Seq=1 Ack=426064 Win=785024 Len=0"
"507","4.905541729","192.168.1.7","192.168.1.6","ICMP","60","Echo (ping) request  id=0x84de, seq=256/1, ttl=128 (reply in 508)"
"508","4.905550378","192.168.1.6","192.168.1.7","ICMP","43","Echo (ping) reply    id=0x84de, seq=256/1, ttl=64 (request in 507)"
"509","4.905661037","192.168.1.7","192.168.1.6","FTP-DATA","4150","FTP Data: 4096 bytes"
"510","4.905667710","192.168.1.6","192.168.1.7","TCP","54","20  >  50876 [ACK] Seq=1 Ack=430160 Win=793216 Len=0"
"511","4.905727057","192.168.1.7","192.168.1.6","ICMP","60","Echo (ping) request  id=0x4f23, seq=256/1, ttl=128 (reply in 512)"
"512","4.905735182","192.168.1.6","192.168.1.7","ICMP","43","Echo (ping) reply    id=0x4f23, seq=256/1, ttl=64 (request in 511)"
"513","4.905824638","192.168.1.7","192.168.1.6","FTP-DATA","4150","FTP Data: 4096 bytes"
"514","4.905831005","192.168.1.6","192.168.1.7","TCP","54","20  >  50876 [ACK] Seq=1 Ack=434256 Win=801408 Len=0"
"515","4.905901230","192.168.1.7","192.168.1.6","ICMP","60","Echo (ping) request  id=0x2fe2, seq=256/1, ttl=128 (reply in 516)"
"516","4.905909160","192.168.1.6","192.168.1.7","ICMP","43","Echo (ping) reply    id=0x2fe2, seq=256/1, ttl=64 (request in 515)"
"517","4.906013931","192.168.1.7","192.168.1.6","FTP-DATA","4150","FTP Data: 4096 bytes"
"518","4.906020728","192.168.1.6","192.168.1.7","TCP","54","20  >  50876 [ACK] Seq=1 Ack=438352 Win=809600 Len=0"
"519","4.906082348","192.168.1.7","192.168.1.6","ICMP","60","Echo (ping) request  id=0x4a9d, seq=256/1, ttl=128 (reply in 520)"
"520","4.906091901","192.168.1.6","192.168.1.7","ICMP","43","Echo (ping) reply    id=0x4a9d, seq=256/1, ttl=64 (request in 519)"
"521","4.906187838","192.168.1.7","192.168.1.6","FTP-DATA","4150","FTP Data: 4096 bytes"
"522","4.906195095","192.168.1.6","192.168.1.7","TCP","54","20  >  50876 [ACK] Seq=1 Ack=442448 Win=817792 Len=0"
"523","4.906268851","192.168.1.7","192.168.1.6","ICMP","60","Echo (ping) request  id=0x37ad, seq=256/1, ttl=128 (reply in 524)"
"524","4.906286861","192.168.1.6","192.168.1.7","ICMP","43","Echo (ping) reply    id=0x37ad, seq=256/1, ttl=64 (request in 523)"
"525","4.906426168","192.168.1.7","192.168.1.6","FTP-DATA","4150","FTP Data: 4096 bytes"
"526","4.906434224","192.168.1.6","192.168.1.7","TCP","54","20  >  50876 [ACK] Seq=1 Ack=446544 Win=825984 Len=0"
"527","4.906536406","192.168.1.7","192.168.1.6","ICMP","60","Echo (ping) request  id=0x56cb, seq=256/1, ttl=128 (reply in 528)"
"528","4.906546268","192.168.1.6","192.168.1.7","ICMP","43","Echo (ping) reply    id=0x56cb, seq=256/1, ttl=64 (request in 527)"
"529","4.906654914","192.168.1.7","192.168.1.6","FTP-DATA","4150","FTP Data: 4096 bytes"
"530","4.906661407","192.168.1.6","192.168.1.7","TCP","54","20  >  50876 [ACK] Seq=1 Ack=450640 Win=834176 Len=0"
"531","4.906757711","192.168.1.7","192.168.1.6","ICMP","60","Echo (ping) request  id=0xadf2, seq=256/1, ttl=128 (reply in 532)"
"532","4.906769962","192.168.1.6","192.168.1.7","ICMP","43","Echo (ping) reply    id=0xadf2, seq=256/1, ttl=64 (request in 531)"
"533","4.906899065","192.168.1.7","192.168.1.6","FTP-DATA","4150","FTP Data: 4096 bytes"
"534","4.906906510","192.168.1.6","192.168.1.7","TCP","54","20  >  50876 [ACK] Seq=1 Ack=454736 Win=842368 Len=0"
"535","4.906974412","192.168.1.7","192.168.1.6","ICMP","60","Echo (ping) request  id=0x3783, seq=256/1, ttl=128 (reply in 536)"
"536","4.906983416","192.168.1.6","192.168.1.7","ICMP","43","Echo (ping) reply    id=0x3783, seq=256/1, ttl=64 (request in 535)"
"537","4.907076226","192.168.1.7","192.168.1.6","FTP-DATA","4150","FTP Data: 4096 bytes"
"538","4.907086677","192.168.1.6","192.168.1.7","TCP","54","20  >  50876 [ACK] Seq=1 Ack=458832 Win=850560 Len=0"
"539","4.907283853","192.168.1.7","192.168.1.6","ICMP","60","Echo (ping) request  id=0x771e, seq=256/1, ttl=128 (reply in 540)"
"540","4.907293512","192.168.1.6","192.168.1.7","ICMP","43","Echo (ping) reply    id=0x771e, seq=256/1, ttl=64 (request in 539)"
"541","4.907406778","192.168.1.7","192.168.1.6","FTP-DATA","4150","FTP Data: 4096 bytes"
"542","4.907414311","192.168.1.6","192.168.1.7","TCP","54","20  >  50876 [ACK] Seq=1 Ack=462928 Win=858752 Len=0"
"543","4.907721302","192.168.1.7","192.168.1.6","ICMP","60","Echo (ping) request  id=0x9721, seq=256/1, ttl=128 (reply in 544)"
"544","4.907731347","192.168.1.6","192.168.1.7","ICMP","43","Echo (ping) reply    id=0x9721, seq=256/1, ttl=64 (request in 543)"
"545","4.907824214","192.168.1.7","192.168.1.6","FTP-DATA","4150","FTP Data: 4096 bytes"
"546","4.907831424","192.168.1.6","192.168.1.7","TCP","54","20  >  50876 [ACK] Seq=1 Ack=467024 Win=866944 Len=0"
"547","4.907907115","192.168.1.7","192.168.1.6","ICMP","60","Echo (ping) request  id=0x63c4, seq=256/1, ttl=128 (reply in 548)"
"548","4.907915458","192.168.1.6","192.168.1.7","ICMP","43","Echo (ping) reply    id=0x63c4, seq=256/1, ttl=64 (request in 547)"
"549","4.908018355","192.168.1.7","192.168.1.6","FTP-DATA","4150","FTP Data: 4096 bytes"
"550","4.908024850","192.168.1.6","192.168.1.7","TCP","54","20  >  50876 [ACK] Seq=1 Ack=471120 Win=875136 Len=0"
"551","4.908096816","192.168.1.7","192.168.1.6","ICMP","60","Echo (ping) request  id=0x3807, seq=256/1, ttl=128 (reply in 552)"
"552","4.908104743","192.168.1.6","192.168.1.7","ICMP","43","Echo (ping) reply    id=0x3807, seq=256/1, ttl=64 (request in 551)"
"553","4.908196927","192.168.1.7","192.168.1.6","FTP-DATA","4150","FTP Data: 4096 bytes"
"554","4.908203380","192.168.1.6","192.168.1.7","TCP","54","20  >  50876 [ACK] Seq=1 Ack=475216 Win=883328 Len=0"
"555","4.908276887","192.168.1.7","192.168.1.6","ICMP","60","Echo (ping) request  id=0xb6d6, seq=256/1, ttl=128 (reply in 556)"
"556","4.908285280","192.168.1.6","192.168.1.7","ICMP","43","Echo (ping) reply    id=0xb6d6, seq=256/1, ttl=64 (request in 555)"
"557","4.908390897","192.168.1.7","192.168.1.6","FTP-DATA","4150","FTP Data: 4096 bytes"
"558","4.908397499","192.168.1.6","192.168.1.7","TCP","54","20  >  50876 [ACK] Seq=1 Ack=479312 Win=891520 Len=0"
"559","4.908462943","192.168.1.7","192.168.1.6","ICMP","60","Echo (ping) request  id=0xff48, seq=256/1, ttl=128 (reply in 560)"
"560","4.908470777","192.168.1.6","192.168.1.7","ICMP","43","Echo (ping) reply    id=0xff48, seq=256/1, ttl=64 (request in 559)"
"561","4.908557151","192.168.1.7","192.168.1.6","FTP-DATA","4150","FTP Data: 4096 bytes"
"562","4.908564146","192.168.1.6","192.168.1.7","TCP","54","20  >  50876 [ACK] Seq=1 Ack=483408 Win=899712 Len=0"
"563","4.908632089","192.168.1.7","192.168.1.6","ICMP","60","Echo (ping) request  id=0xa3f1, seq=256/1, ttl=128 (reply in 564)"
"564","4.908641020","192.168.1.6","192.168.1.7","ICMP","43","Echo (ping) reply    id=0xa3f1, seq=256/1, ttl=64 (request in 563)"
"565","4.908746812","192.168.1.7","192.168.1.6","FTP-DATA","4150","FTP Data: 4096 bytes"
"566","4.908753454","192.168.1.6","192.168.1.7","TCP","54","20  >  50876 [ACK] Seq=1 Ack=487504 Win=907904 Len=0"
"567","4.908816915","192.168.1.7","192.168.1.6","ICMP","60","Echo (ping) request  id=0xe6e9, seq=256/1, ttl=128 (reply in 568)"
"568","4.908827264","192.168.1.6","192.168.1.7","ICMP","43","Echo (ping) reply    id=0xe6e9, seq=256/1, ttl=64 (request in 567)"
"569","4.908918863","192.168.1.7","192.168.1.6","FTP-DATA","4150","FTP Data: 4096 bytes"
"570","4.908925463","192.168.1.6","192.168.1.7","TCP","54","20  >  50876 [ACK] Seq=1 Ack=491600 Win=916096 Len=0"
"571","4.908987138","192.168.1.7","192.168.1.6","ICMP","60","Echo (ping) request  id=0x1749, seq=256/1, ttl=128 (reply in 572)"
"572","4.908995545","192.168.1.6","192.168.1.7","ICMP","43","Echo (ping) reply    id=0x1749, seq=256/1, ttl=64 (request in 571)"
"573","4.909100744","192.168.1.7","192.168.1.6","FTP-DATA","4150","FTP Data: 4096 bytes"
"574","4.909107599","192.168.1.6","192.168.1.7","TCP","54","20  >  50876 [ACK] Seq=1 Ack=495696 Win=924288 Len=0"
"575","4.909172399","192.168.1.7","192.168.1.6","ICMP","60","Echo (ping) request  id=0x9e9d, seq=256/1, ttl=128 (reply in 576)"
"576","4.909180401","192.168.1.6","192.168.1.7","ICMP","43","Echo (ping) reply    id=0x9e9d, seq=256/1, ttl=64 (request in 575)"
"577","4.909276651","192.168.1.7","192.168.1.6","FTP-DATA","4150","FTP Data: 4096 bytes"
"578","4.909286297","192.168.1.6","192.168.1.7","TCP","54","20  >  50876 [ACK] Seq=1 Ack=499792 Win=932480 Len=0"
"579","4.909346616","192.168.1.7","192.168.1.6","ICMP","60","Echo (ping) request  id=0x2f64, seq=256/1, ttl=128 (reply in 580)"
"580","4.909357130","192.168.1.6","192.168.1.7","ICMP","43","Echo (ping) reply    id=0x2f64, seq=256/1, ttl=64 (request in 579)"
"581","4.909469099","192.168.1.7","192.168.1.6","FTP-DATA","4150","FTP Data: 4096 bytes"
"582","4.909477197","192.168.1.6","192.168.1.7","TCP","54","20  >  50876 [ACK] Seq=1 Ack=503888 Win=940672 Len=0"
"583","4.909541171","192.168.1.7","192.168.1.6","ICMP","60","Echo (ping) request  id=0x6404, seq=256/1, ttl=128 (reply in 584)"
"584","4.909551690","192.168.1.6","192.168.1.7","ICMP","43","Echo (ping) reply    id=0x6404, seq=256/1, ttl=64 (request in 583)"
"585","4.909642159","192.168.1.7","192.168.1.6","FTP-DATA","4150","FTP Data: 4096 bytes"
"586","4.909649089","192.168.1.6","192.168.1.7","TCP","54","20  >  50876 [ACK] Seq=1 Ack=507984 Win=948864 Len=0"
"587","4.909719874","192.168.1.7","192.168.1.6","ICMP","60","Echo (ping) request  id=0x3792, seq=256/1, ttl=128 (reply in 588)"
"588","4.909728709","192.168.1.6","192.168.1.7","ICMP","43","Echo (ping) reply    id=0x3792, seq=256/1, ttl=64 (request in 587)"
"589","4.909832910","192.168.1.7","192.168.1.6","FTP-DATA","4150","FTP Data: 4096 bytes"
"590","4.909839503","192.168.1.6","192.168.1.7","TCP","54","20  >  50876 [ACK] Seq=1 Ack=512080 Win=957056 Len=0"
"591","4.909906985","192.168.1.7","192.168.1.6","ICMP","60","Echo (ping) request  id=0xaac8, seq=256/1, ttl=128 (reply in 592)"
"592","4.909915367","192.168.1.6","192.168.1.7","ICMP","43","Echo (ping) reply    id=0xaac8, seq=256/1, ttl=64 (request in 591)"
"593","4.910006321","192.168.1.7","192.168.1.6","FTP-DATA","4150","FTP Data: 4096 bytes"
"594","4.910012772","192.168.1.6","192.168.1.7","TCP","54","20  >  50876 [ACK] Seq=1 Ack=516176 Win=965248 Len=0"
"595","4.910089084","192.168.1.7","192.168.1.6","ICMP","60","Echo (ping) request  id=0xc7ae, seq=256/1, ttl=128 (reply in 596)"
"596","4.910097072","192.168.1.6","192.168.1.7","ICMP","43","Echo (ping) reply    id=0xc7ae, seq=256/1, ttl=64 (request in 595)"
"597","4.910203203","192.168.1.7","192.168.1.6","FTP-DATA","4150","FTP Data: 4096 bytes"
"598","4.910210031","192.168.1.6","192.168.1.7","TCP","54","20  >  50876 [ACK] Seq=1 Ack=520272 Win=973440 Len=0"
"599","4.910280693","192.168.1.7","192.168.1.6","ICMP","60","Echo (ping) request  id=0x72eb, seq=256/1, ttl=128 (reply in 600)"
"600","4.910289540","192.168.1.6","192.168.1.7","ICMP","43","Echo (ping) reply    id=0x72eb, seq=256/1, ttl=64 (request in 599)"
"601","4.910371886","192.168.1.7","192.168.1.6","FTP-DATA","4150","FTP Data: 4096 bytes"
"602","4.910378886","192.168.1.6","192.168.1.7","TCP","54","20  >  50876 [ACK] Seq=1 Ack=524368 Win=981632 Len=0"
"603","4.910459758","192.168.1.7","192.168.1.6","ICMP","60","Echo (ping) request  id=0xd9be, seq=256/1, ttl=128 (reply in 604)"
"604","4.910468279","192.168.1.6","192.168.1.7","ICMP","43","Echo (ping) reply    id=0xd9be, seq=256/1, ttl=64 (request in 603)"
"605","4.910580388","192.168.1.7","192.168.1.6","FTP-DATA","4150","FTP Data: 4096 bytes"
"606","4.910586876","192.168.1.6","192.168.1.7","TCP","54","20  >  50876 [ACK] Seq=1 Ack=528464 Win=989824 Len=0"
"607","4.910666638","192.168.1.7","192.168.1.6","ICMP","60","Echo (ping) request  id=0x196a, seq=256/1, ttl=128 (reply in 608)"
"608","4.910675867","192.168.1.6","192.168.1.7","ICMP","43","Echo (ping) reply    id=0x196a, seq=256/1, ttl=64 (request in 607)"
"609","4.910767856","192.168.1.7","192.168.1.6","FTP-DATA","4150","FTP Data: 4096 bytes"
"610","4.910774324","192.168.1.6","192.168.1.7","TCP","54","20  >  50876 [ACK] Seq=1 Ack=532560 Win=998016 Len=0"
"611","4.910851030","192.168.1.7","192.168.1.6","ICMP","60","Echo (ping) request  id=0x2d50, seq=256/1, ttl=128 (reply in 612)"
"612","4.910859339","192.168.1.6","192.168.1.7","ICMP","43","Echo (ping) reply    id=0x2d50, seq=256/1, ttl=64 (request in 611)"
"613","4.910963287","192.168.1.7","192.168.1.6","FTP-DATA","4150","FTP Data: 4096 bytes"
"614","4.910969765","192.168.1.6","192.168.1.7","TCP","54","20  >  50876 [ACK] Seq=1 Ack=536656 Win=1006208 Len=0"
"615","4.911037398","192.168.1.7","192.168.1.6","ICMP","60","Echo (ping) request  id=0x1012, seq=256/1, ttl=128 (reply in 616)"
"616","4.911046984","192.168.1.6","192.168.1.7","ICMP","43","Echo (ping) reply    id=0x1012, seq=256/1, ttl=64 (request in 615)"
"617","4.911135898","192.168.1.7","192.168.1.6","FTP-DATA","4150","FTP Data: 4096 bytes"
"618","4.911142374","192.168.1.6","192.168.1.7","TCP","54","20  >  50876 [ACK] Seq=1 Ack=540752 Win=1014400 Len=0"
"619","4.911224415","192.168.1.7","192.168.1.6","ICMP","60","Echo (ping) request  id=0x7d21, seq=256/1, ttl=128 (reply in 620)"
"620","4.911233054","192.168.1.6","192.168.1.7","ICMP","43","Echo (ping) reply    id=0x7d21, seq=256/1, ttl=64 (request in 619)"
"621","4.911342885","192.168.1.7","192.168.1.6","FTP-DATA","4150","FTP Data: 4096 bytes"
"622","4.911350906","192.168.1.6","192.168.1.7","TCP","54","20  >  50876 [ACK] Seq=1 Ack=544848 Win=1022592 Len=0"
"623","4.911431156","192.168.1.7","192.168.1.6","ICMP","60","Echo (ping) request  id=0x5cca, seq=256/1, ttl=128 (reply in 624)"
"624","4.911440682","192.168.1.6","192.168.1.7","ICMP","43","Echo (ping) reply    id=0x5cca, seq=256/1, ttl=64 (request in 623)"
"625","4.911595691","192.168.1.7","192.168.1.6","FTP-DATA","4150","FTP Data: 4096 bytes"
"626","4.911609021","192.168.1.6","192.168.1.7","TCP","54","20  >  50876 [ACK] Seq=1 Ack=548944 Win=1030784 Len=0"
"627","4.911742373","192.168.1.7","192.168.1.6","ICMP","60","Echo (ping) request  id=0x7537, seq=256/1, ttl=128 (reply in 628)"
"628","4.911759636","192.168.1.6","192.168.1.7","ICMP","43","Echo (ping) reply    id=0x7537, seq=256/1, ttl=64 (request in 627)"
"629","4.911922857","192.168.1.7","192.168.1.6","FTP-DATA","4150","FTP Data: 4096 bytes"
"630","4.911932981","192.168.1.6","192.168.1.7","TCP","54","20  >  50876 [ACK] Seq=1 Ack=553040 Win=1038976 Len=0"
"631","4.912021823","192.168.1.7","192.168.1.6","ICMP","60","Echo (ping) request  id=0xd508, seq=256/1, ttl=128 (reply in 632)"
"632","4.912033050","192.168.1.6","192.168.1.7","ICMP","43","Echo (ping) reply    id=0xd508, seq=256/1, ttl=64 (request in 631)"
"633","4.912134682","192.168.1.7","192.168.1.6","FTP-DATA","4150","FTP Data: 4096 bytes"
"634","4.912141871","192.168.1.6","192.168.1.7","TCP","54","20  >  50876 [ACK] Seq=1 Ack=557136 Win=1047168 Len=0"
"635","4.912231574","192.168.1.7","192.168.1.6","ICMP","60","Echo (ping) request  id=0xa020, seq=256/1, ttl=128 (reply in 636)"
"636","4.912240457","192.168.1.6","192.168.1.7","ICMP","43","Echo (ping) reply    id=0xa020, seq=256/1, ttl=64 (request in 635)"
"637","4.912350987","192.168.1.7","192.168.1.6","FTP-DATA","4150","FTP Data: 4096 bytes"
"638","4.912357868","192.168.1.6","192.168.1.7","TCP","54","20  >  50876 [ACK] Seq=1 Ack=561232 Win=1055360 Len=0"
"639","4.912426547","192.168.1.7","192.168.1.6","ICMP","60","Echo (ping) request  id=0x5b1a, seq=256/1, ttl=128 (reply in 640)"
"640","4.912436061","192.168.1.6","192.168.1.7","ICMP","43","Echo (ping) reply    id=0x5b1a, seq=256/1, ttl=64 (request in 639)"
"641","4.912531324","192.168.1.7","192.168.1.6","FTP-DATA","4150","FTP Data: 4096 bytes"
"642","4.912538478","192.168.1.6","192.168.1.7","TCP","54","20  >  50876 [ACK] Seq=1 Ack=565328 Win=1063552 Len=0"
"643","4.912606166","192.168.1.7","192.168.1.6","ICMP","60","Echo (ping) request  id=0xd4ea, seq=256/1, ttl=128 (reply in 644)"
"644","4.912614611","192.168.1.6","192.168.1.7","ICMP","43","Echo (ping) reply    id=0xd4ea, seq=256/1, ttl=64 (request in 643)"
"645","4.912736377","192.168.1.7","192.168.1.6","FTP-DATA","4150","FTP Data: 4096 bytes"
"646","4.912744806","192.168.1.6","192.168.1.7","TCP","54","20  >  50876 [ACK] Seq=1 Ack=569424 Win=1071744 Len=0"
"647","4.912813281","192.168.1.7","192.168.1.6","ICMP","60","Echo (ping) request  id=0x86ff, seq=256/1, ttl=128 (reply in 648)"
"648","4.912822586","192.168.1.6","192.168.1.7","ICMP","43","Echo (ping) reply    id=0x86ff, seq=256/1, ttl=64 (request in 647)"
"649","4.912918511","192.168.1.7","192.168.1.6","FTP-DATA","4150","FTP Data: 4096 bytes"
"650","4.912925594","192.168.1.6","192.168.1.7","TCP","54","20  >  50876 [ACK] Seq=1 Ack=573520 Win=1079936 Len=0"
"651","4.912998720","192.168.1.7","192.168.1.6","ICMP","60","Echo (ping) request  id=0xb771, seq=256/1, ttl=128 (reply in 652)"
"652","4.913007339","192.168.1.6","192.168.1.7","ICMP","43","Echo (ping) reply    id=0xb771, seq=256/1, ttl=64 (request in 651)"
"653","4.913141484","192.168.1.7","192.168.1.6","FTP-DATA","4150","FTP Data: 4096 bytes"
"654","4.913148857","192.168.1.6","192.168.1.7","TCP","54","20  >  50876 [ACK] Seq=1 Ack=577616 Win=1088128 Len=0"
"655","4.913185550","192.168.1.7","192.168.1.6","ICMP","60","Echo (ping) request  id=0x7a54, seq=256/1, ttl=128 (reply in 656)"
"656","4.913192620","192.168.1.6","192.168.1.7","ICMP","43","Echo (ping) reply    id=0x7a54, seq=256/1, ttl=64 (request in 655)"
"657","4.913266609","192.168.1.7","192.168.1.6","FTP-DATA","1514","FTP Data: 1460 bytes"
"658","4.913273003","192.168.1.6","192.168.1.7","TCP","54","20  >  50876 [ACK] Seq=1 Ack=579076 Win=1091072 Len=0"
"659","4.913317043","192.168.1.7","192.168.1.6","FTP-DATA","2690","FTP Data: 2636 bytes"
"660","4.913323041","192.168.1.6","192.168.1.7","TCP","54","20  >  50876 [ACK] Seq=1 Ack=581712 Win=1096320 Len=0"
"661","4.913357298","192.168.1.7","192.168.1.6","ICMP","60","Echo (ping) request  id=0x2e76, seq=256/1, ttl=128 (reply in 662)"
"662","4.913363993","192.168.1.6","192.168.1.7","ICMP","43","Echo (ping) reply    id=0x2e76, seq=256/1, ttl=64 (request in 661)"
"663","4.913467394","192.168.1.7","192.168.1.6","FTP-DATA","4150","FTP Data: 4096 bytes"
"664","4.913474037","192.168.1.6","192.168.1.7","TCP","54","20  >  50876 [ACK] Seq=1 Ack=585808 Win=1104512 Len=0"
"665","4.913546356","192.168.1.7","192.168.1.6","ICMP","60","Echo (ping) request  id=0xd5e7, seq=256/1, ttl=128 (reply in 666)"
"666","4.913557125","192.168.1.6","192.168.1.7","ICMP","43","Echo (ping) reply    id=0xd5e7, seq=256/1, ttl=64 (request in 665)"
"667","4.913665008","192.168.1.7","192.168.1.6","FTP-DATA","4150","FTP Data: 4096 bytes"
"668","4.913671697","192.168.1.6","192.168.1.7","TCP","54","20  >  50876 [ACK] Seq=1 Ack=589904 Win=1112704 Len=0"
"669","4.913720317","192.168.1.7","192.168.1.6","ICMP","60","Echo (ping) request  id=0xee59, seq=256/1, ttl=128 (reply in 670)"
"670","4.913728291","192.168.1.6","192.168.1.7","ICMP","43","Echo (ping) reply    id=0xee59, seq=256/1, ttl=64 (request in 669)"
"671","4.913832670","192.168.1.7","192.168.1.6","FTP-DATA","4150","FTP Data: 4096 bytes"
"672","4.913839435","192.168.1.6","192.168.1.7","TCP","54","20  >  50876 [ACK] Seq=1 Ack=594000 Win=1120896 Len=0"
"673","4.913906105","192.168.1.7","192.168.1.6","ICMP","60","Echo (ping) request  id=0x193c, seq=256/1, ttl=128 (reply in 674)"
"674","4.913913886","192.168.1.6","192.168.1.7","ICMP","43","Echo (ping) reply    id=0x193c, seq=256/1, ttl=64 (request in 673)"
"675","4.914003504","192.168.1.7","192.168.1.6","FTP-DATA","4150","FTP Data: 4096 bytes"
"676","4.914010270","192.168.1.6","192.168.1.7","TCP","54","20  >  50876 [ACK] Seq=1 Ack=598096 Win=1129088 Len=0"
"677","4.914084994","192.168.1.7","192.168.1.6","ICMP","60","Echo (ping) request  id=0xc87c, seq=256/1, ttl=128 (reply in 678)"
"678","4.914092954","192.168.1.6","192.168.1.7","ICMP","43","Echo (ping) reply    id=0xc87c, seq=256/1, ttl=64 (request in 677)"
"679","4.914198321","192.168.1.7","192.168.1.6","FTP-DATA","4150","FTP Data: 4096 bytes"
"680","4.914205248","192.168.1.6","192.168.1.7","TCP","54","20  >  50876 [ACK] Seq=1 Ack=602192 Win=1137280 Len=0"
"681","4.914279241","192.168.1.7","192.168.1.6","ICMP","60","Echo (ping) request  id=0x4c8c, seq=256/1, ttl=128 (reply in 682)"
"682","4.914288131","192.168.1.6","192.168.1.7","ICMP","43","Echo (ping) reply    id=0x4c8c, seq=256/1, ttl=64 (request in 681)"
"683","4.914384744","192.168.1.7","192.168.1.6","FTP-DATA","4150","FTP Data: 4096 bytes"
"684","4.914392019","192.168.1.6","192.168.1.7","TCP","54","20  >  50876 [ACK] Seq=1 Ack=606288 Win=1145472 Len=0"
"685","4.914455385","192.168.1.7","192.168.1.6","ICMP","60","Echo (ping) request  id=0x23c6, seq=256/1, ttl=128 (reply in 686)"
"686","4.914464303","192.168.1.6","192.168.1.7","ICMP","43","Echo (ping) reply    id=0x23c6, seq=256/1, ttl=64 (request in 685)"
"687","4.914568145","192.168.1.7","192.168.1.6","FTP-DATA","4150","FTP Data: 4096 bytes"
"688","4.914574682","192.168.1.6","192.168.1.7","TCP","54","20  >  50876 [ACK] Seq=1 Ack=610384 Win=1153664 Len=0"
"689","4.914640922","192.168.1.7","192.168.1.6","ICMP","60","Echo (ping) request  id=0x949d, seq=256/1, ttl=128 (reply in 690)"
"690","4.914650510","192.168.1.6","192.168.1.7","ICMP","43","Echo (ping) reply    id=0x949d, seq=256/1, ttl=64 (request in 689)"
"691","4.914751347","192.168.1.7","192.168.1.6","FTP-DATA","4150","FTP Data: 4096 bytes"
"692","4.914758933","192.168.1.6","192.168.1.7","TCP","54","20  >  50876 [ACK] Seq=1 Ack=614480 Win=1161856 Len=0"
"693","4.914854949","192.168.1.7","192.168.1.6","ICMP","60","Echo (ping) request  id=0x3bf2, seq=256/1, ttl=128 (reply in 694)"
"694","4.914865828","192.168.1.6","192.168.1.7","ICMP","43","Echo (ping) reply    id=0x3bf2, seq=256/1, ttl=64 (request in 693)"
"695","4.914993552","192.168.1.7","192.168.1.6","FTP-DATA","4150","FTP Data: 4096 bytes"
"696","4.915001111","192.168.1.6","192.168.1.7","TCP","54","20  >  50876 [ACK] Seq=1 Ack=618576 Win=1170048 Len=0"
"697","4.915083364","192.168.1.7","192.168.1.6","ICMP","60","Echo (ping) request  id=0x1b41, seq=256/1, ttl=128 (reply in 698)"
"698","4.915092220","192.168.1.6","192.168.1.7","ICMP","43","Echo (ping) reply    id=0x1b41, seq=256/1, ttl=64 (request in 697)"
"699","4.915187707","192.168.1.7","192.168.1.6","FTP-DATA","4150","FTP Data: 4096 bytes"
"700","4.915194765","192.168.1.6","192.168.1.7","TCP","54","20  >  50876 [ACK] Seq=1 Ack=622672 Win=1178240 Len=0"
"701","4.915264630","192.168.1.7","192.168.1.6","ICMP","60","Echo (ping) request  id=0x0f60, seq=256/1, ttl=128 (reply in 702)"
"702","4.915272697","192.168.1.6","192.168.1.7","ICMP","43","Echo (ping) reply    id=0x0f60, seq=256/1, ttl=64 (request in 701)"
"703","4.915395598","192.168.1.7","192.168.1.6","FTP-DATA","4150","FTP Data: 4096 bytes"
"704","4.915403392","192.168.1.6","192.168.1.7","TCP","54","20  >  50876 [ACK] Seq=1 Ack=626768 Win=1186432 Len=0"
"705","4.915511583","192.168.1.7","192.168.1.6","ICMP","60","Echo (ping) request  id=0x0ce9, seq=256/1, ttl=128 (reply in 706)"
"706","4.915524660","192.168.1.6","192.168.1.7","ICMP","43","Echo (ping) reply    id=0x0ce9, seq=256/1, ttl=64 (request in 705)"
"707","4.915708879","192.168.1.7","192.168.1.6","FTP-DATA","4150","FTP Data: 4096 bytes"
"708","4.915720465","192.168.1.6","192.168.1.7","TCP","54","20  >  50876 [ACK] Seq=1 Ack=630864 Win=1194624 Len=0"
"709","4.915883341","192.168.1.7","192.168.1.6","ICMP","60","Echo (ping) request  id=0x1bb4, seq=256/1, ttl=128 (reply in 710)"
"710","4.915894169","192.168.1.6","192.168.1.7","ICMP","43","Echo (ping) reply    id=0x1bb4, seq=256/1, ttl=64 (request in 709)"
"711","4.916025110","192.168.1.7","192.168.1.6","FTP-DATA","4150","FTP Data: 4096 bytes"
"712","4.916031979","192.168.1.6","192.168.1.7","TCP","54","20  >  50876 [ACK] Seq=1 Ack=634960 Win=1202816 Len=0"
"713","4.916129270","192.168.1.7","192.168.1.6","ICMP","60","Echo (ping) request  id=0xf490, seq=256/1, ttl=128 (reply in 714)"
"714","4.916144967","192.168.1.6","192.168.1.7","ICMP","43","Echo (ping) reply    id=0xf490, seq=256/1, ttl=64 (request in 713)"
"715","4.916250874","192.168.1.7","192.168.1.6","FTP-DATA","4150","FTP Data: 4096 bytes"
"716","4.916259370","192.168.1.6","192.168.1.7","TCP","54","20  >  50876 [ACK] Seq=1 Ack=639056 Win=1211008 Len=0"
"717","4.916333393","192.168.1.7","192.168.1.6","ICMP","60","Echo (ping) request  id=0x199f, seq=256/1, ttl=128 (reply in 718)"
"718","4.916342423","192.168.1.6","192.168.1.7","ICMP","43","Echo (ping) reply    id=0x199f, seq=256/1, ttl=64 (request in 717)"
"719","4.916465642","192.168.1.7","192.168.1.6","FTP-DATA","4150","FTP Data: 4096 bytes"
"720","4.916476778","192.168.1.6","192.168.1.7","TCP","54","20  >  50876 [ACK] Seq=1 Ack=643152 Win=1219200 Len=0"
"721","4.916564536","192.168.1.7","192.168.1.6","ICMP","60","Echo (ping) request  id=0xa928, seq=256/1, ttl=128 (reply in 722)"
"722","4.916579781","192.168.1.6","192.168.1.7","ICMP","43","Echo (ping) reply    id=0xa928, seq=256/1, ttl=64 (request in 721)"
"723","4.916714004","192.168.1.7","192.168.1.6","FTP-DATA","4150","FTP Data: 4096 bytes"
"724","4.916722891","192.168.1.6","192.168.1.7","TCP","54","20  >  50876 [ACK] Seq=1 Ack=647248 Win=1227392 Len=0"
"725","4.916806445","192.168.1.7","192.168.1.6","ICMP","60","Echo (ping) request  id=0xee42, seq=256/1, ttl=128 (reply in 726)"
"726","4.916817216","192.168.1.6","192.168.1.7","ICMP","43","Echo (ping) reply    id=0xee42, seq=256/1, ttl=64 (request in 725)"
"727","4.916973564","192.168.1.7","192.168.1.6","FTP-DATA","4150","FTP Data: 4096 bytes"
"728","4.916985037","192.168.1.6","192.168.1.7","TCP","54","20  >  50876 [ACK] Seq=1 Ack=651344 Win=1235584 Len=0"
"729","4.917104084","192.168.1.7","192.168.1.6","ICMP","60","Echo (ping) request  id=0x2f36, seq=256/1, ttl=128 (reply in 730)"
"730","4.917117597","192.168.1.6","192.168.1.7","ICMP","43","Echo (ping) reply    id=0x2f36, seq=256/1, ttl=64 (request in 729)"
"731","4.917247840","192.168.1.7","192.168.1.6","FTP-DATA","4150","FTP Data: 4096 bytes"
"732","4.917257385","192.168.1.6","192.168.1.7","TCP","54","20  >  50876 [ACK] Seq=1 Ack=655440 Win=1243776 Len=0"
"733","4.917349595","192.168.1.7","192.168.1.6","ICMP","60","Echo (ping) request  id=0x53d2, seq=256/1, ttl=128 (reply in 734)"
"734","4.917360290","192.168.1.6","192.168.1.7","ICMP","43","Echo (ping) reply    id=0x53d2, seq=256/1, ttl=64 (request in 733)"
"735","4.917488657","192.168.1.7","192.168.1.6","FTP-DATA","4150","FTP Data: 4096 bytes"
"736","4.917495886","192.168.1.6","192.168.1.7","TCP","54","20  >  50876 [ACK] Seq=1 Ack=659536 Win=1251968 Len=0"
"737","4.917585343","192.168.1.7","192.168.1.6","ICMP","60","Echo (ping) request  id=0x7a7c, seq=256/1, ttl=128 (reply in 738)"
"738","4.917594130","192.168.1.6","192.168.1.7","ICMP","43","Echo (ping) reply    id=0x7a7c, seq=256/1, ttl=64 (request in 737)"
"739","4.917712672","192.168.1.7","192.168.1.6","FTP-DATA","2759","FTP Data: 2705 bytes"
"740","4.917719464","192.168.1.6","192.168.1.7","TCP","54","20  >  50876 [ACK] Seq=1 Ack=662241 Win=1257344 Len=0"
"741","4.917790799","192.168.1.7","192.168.1.6","ICMP","60","Echo (ping) request  id=0x988b, seq=256/1, ttl=128 (reply in 742)"
"742","4.917799019","192.168.1.6","192.168.1.7","ICMP","43","Echo (ping) reply    id=0x988b, seq=256/1, ttl=64 (request in 741)"
"743","4.918013869","192.168.1.7","192.168.1.6","TCP","60","50876  >  20 [FIN, ACK] Seq=662241 Ack=1 Win=1051136 Len=0"
"744","4.918221876","192.168.1.6","192.168.1.7","TCP","54","20  >  50876 [FIN, ACK] Seq=1 Ack=662242 Win=1257344 Len=0"
"745","4.918534978","192.168.1.7","192.168.1.6","TCP","60","50876  >  20 [ACK] Seq=662242 Ack=2 Win=1051136 Len=0"
"746","5.536189206","192.168.1.7","20.50.201.195","TLSv1.2","511","Application Data"
"747","5.536189475","192.168.1.7","20.50.201.195","TLSv1.2","692","Application Data"
"748","5.688199586","20.50.201.195","192.168.1.7","TCP","60","443  >  50875 [ACK] Seq=6842 Ack=3614 Win=524288 Len=0"
"749","5.691905980","20.50.201.195","192.168.1.7","TLSv1.2","583","Application Data"
"750","5.691906269","192.168.1.7","20.50.201.195","TCP","60","50875  >  443 [ACK] Seq=3614 Ack=7371 Win=260864 Len=0"
"751","5.805069527","192.168.1.7","13.107.6.171","TLSv1.2","182","Application Data"
"752","5.805069790","192.168.1.7","13.107.6.171","TLSv1.2","2039","Application Data"
"753","5.850225441","13.107.6.171","192.168.1.7","TCP","60","443  >  50825 [ACK] Seq=8980 Ack=21029 Win=16384 Len=0"
"754","5.850225725","13.107.6.171","192.168.1.7","TCP","60","443  >  50825 [ACK] Seq=8980 Ack=23014 Win=16385 Len=0"
"755","5.883033051","13.107.6.171","192.168.1.7","TLSv1.2","449","Application Data"
"756","5.883033548","13.107.6.171","192.168.1.7","TLSv1.2","92","Application Data"
"757","5.883033573","192.168.1.7","13.107.6.171","TCP","60","50825  >  443 [ACK] Seq=23014 Ack=9413 Win=515 Len=0"
"758","5.883540233","192.168.1.7","13.107.6.171","TLSv1.2","96","Application Data"
"759","5.930722958","13.107.6.171","192.168.1.7","TCP","60","443  >  50825 [ACK] Seq=9413 Ack=23056 Win=16384 Len=0"
"760","6.235316338","52.108.102.2","192.168.1.7","TLSv1.2","746","Application Data"
"761","6.275685131","192.168.1.7","52.108.102.2","TCP","60","50618  >  443 [ACK] Seq=1 Ack=3263 Win=514 Len=0"
"762","6.296279042","52.108.102.2","192.168.1.7","TLSv1.2","213","Application Data"
"763","6.337534094","192.168.1.7","52.108.102.2","TCP","60","50618  >  443 [ACK] Seq=1 Ack=3422 Win=514 Len=0"
"764","6.344515911","52.108.102.2","192.168.1.7","TLSv1.2","353","Application Data"
"765","6.384868731","192.168.1.7","52.108.102.2","TCP","60","50618  >  443 [ACK] Seq=1 Ack=3721 Win=513 Len=0"
"766","6.450190826","52.108.102.2","192.168.1.7","TLSv1.2","745","Application Data"
"767","6.453980302","192.168.1.7","13.107.6.171","TLSv1.2","2512","Application Data"
"768","6.453980613","192.168.1.7","13.107.6.171","TLSv1.2","2343","Application Data"
"769","6.491635890","192.168.1.7","52.108.102.2","TCP","60","50618  >  443 [ACK] Seq=1 Ack=4412 Win=517 Len=0"
"770","6.498184660","13.107.6.171","192.168.1.7","TCP","60","443  >  50825 [ACK] Seq=9413 Ack=24496 Win=16385 Len=0"
"771","6.498184915","13.107.6.171","192.168.1.7","TCP","60","443  >  50825 [ACK] Seq=9413 Ack=27803 Win=16385 Len=0"
"772","6.514772065","52.108.102.2","192.168.1.7","TLSv1.2","213","Application Data"
"773","6.536672039","13.107.6.171","192.168.1.7","TLSv1.2","808","Application Data"
"774","6.536672515","13.107.6.171","192.168.1.7","TLSv1.2","2849","Application Data"
"775","6.536672540","13.107.6.171","192.168.1.7","TLSv1.2","295","Application Data"
"776","6.536672566","13.107.6.171","192.168.1.7","TLSv1.2","92","Application Data"
"777","6.536672590","192.168.1.7","13.107.6.171","TCP","60","50825  >  443 [ACK] Seq=27803 Ack=13241 Win=517 Len=0"
"778","6.547290831","192.168.1.7","13.107.6.171","TLSv1.2","2536","Application Data"
"779","6.547402436","192.168.1.7","13.107.6.171","TLSv1.2","2343","Application Data"
"780","6.550040084","192.168.1.7","13.107.6.171","TLSv1.2","1454","Application Data"
"781","6.550040351","192.168.1.7","13.107.6.171","TLSv1.2","1398","Application Data"
"782","6.551284366","192.168.1.7","13.107.6.171","TLSv1.2","2419","Application Data"
"783","6.551284704","192.168.1.7","13.107.6.171","TLSv1.2","2039","Application Data"
"784","6.554419880","192.168.1.7","52.108.102.2","TCP","60","50618  >  443 [ACK] Seq=1 Ack=4571 Win=516 Len=0"
"785","6.590692535","13.107.6.171","192.168.1.7","TCP","60","443  >  50825 [ACK] Seq=13241 Ack=30285 Win=16385 Len=0"
"786","6.590692793","13.107.6.171","192.168.1.7","TCP","60","443  >  50825 [ACK] Seq=13241 Ack=32574 Win=16385 Len=0"
"787","6.594471299","13.107.6.171","192.168.1.7","TCP","60","443  >  50825 [ACK] Seq=13241 Ack=33974 Win=16379 Len=0"
"788","6.594471583","13.107.6.171","192.168.1.7","TCP","60","443  >  50825 [ACK] Seq=13241 Ack=39668 Win=16385 Len=0"
"789","6.594471607","13.107.6.171","192.168.1.7","TLSv1.2","96","Application Data"
"790","6.623142113","13.107.6.171","192.168.1.7","TLSv1.2","621","Application Data"
"791","6.623142487","13.107.6.171","192.168.1.7","TLSv1.2","92","Application Data"
"792","6.623142510","192.168.1.7","13.107.6.171","TCP","60","50825  >  443 [ACK] Seq=39668 Ack=13888 Win=514 Len=0"
"793","6.627075363","13.107.6.171","192.168.1.7","TLSv1.2","387","Application Data"
"794","6.627075775","13.107.6.171","192.168.1.7","TLSv1.2","160","Application Data"
"795","6.627075808","13.107.6.171","192.168.1.7","TLSv1.2","92","Application Data"
"796","6.627075837","192.168.1.7","13.107.6.171","TCP","60","50825  >  443 [ACK] Seq=39668 Ack=14365 Win=513 Len=0"
"797","6.863349644","13.107.6.171","192.168.1.7","TLSv1.2","1367","Application Data"
"798","6.863349930","13.107.6.171","192.168.1.7","TLSv1.2","92","Application Data"
"799","6.863349953","192.168.1.7","13.107.6.171","TCP","60","50825  >  443 [ACK] Seq=39668 Ack=15716 Win=517 Len=0"
"800","7.532465036","192.168.1.7","185.26.182.111","TCP","60","50872  >  443 [ACK] Seq=1 Ack=1 Win=509 Len=1 [TCP segment of a reassembled PDU]"
"801","7.694075239","185.26.182.111","192.168.1.7","TCP","66","443  >  50872 [ACK] Seq=1 Ack=2 Win=83 Len=0 SLE=1 SRE=2"
"802","7.808872537","192.168.1.7","52.111.229.6","TLSv1.2","2704","Application Data"
"803","7.809074376","192.168.1.7","52.111.229.6","TLSv1.2","647","Application Data"
"804","7.880360349","52.111.229.6","192.168.1.7","TCP","60","443  >  50729 [ACK] Seq=1332 Ack=8641 Win=16385 Len=0"
"805","7.884469832","52.111.229.6","192.168.1.7","TLSv1.2","193","Application Data"
"806","7.884470158","52.111.229.6","192.168.1.7","TLSv1.2","193","Application Data"
"807","7.884470183","192.168.1.7","52.111.229.6","TCP","60","50729  >  443 [ACK] Seq=8641 Ack=1610 Win=2068 Len=0"
"808","8.943058663","192.168.1.7","20.50.201.195","TCP","60","50875  >  443 [RST, ACK] Seq=3614 Ack=7371 Win=0 Len=0"
"809","9.978467726","PcsCompu_22:46:4f","IntelCor_d4:c4:5c","ARP","42","Who has 192.168.1.7? Tell 192.168.1.6"
"810","9.978671884","IntelCor_d4:c4:5c","PcsCompu_22:46:4f","ARP","60","192.168.1.7 is at 7c:b2:7d:d4:c4:5c"
