"No.","Time","Source","Destination","Protocol","Length","Info"
"1","0.000000","157.253.212.244","13.107.6.171","TCP","55","52514  >  443 [ACK] Seq=1 Ack=1 Win=256 Len=1 [TCP segment of a reassembled PDU]"
"2","0.051124","13.107.6.171","157.253.212.244","TCP","66","443  >  52514 [ACK] Seq=1 Ack=2 Win=16386 Len=0 SLE=1 SRE=2"
"3","0.719317","157.253.212.244","20.7.1.246","TLSv1.2","98","Application Data"
"4","0.801516","20.7.1.246","157.253.212.244","TLSv1.2","229","Application Data"
"5","0.843760","157.253.212.244","20.7.1.246","TCP","54","64178  >  443 [ACK] Seq=45 Ack=176 Win=256 Len=0"
"6","2.313913","157.253.212.244","173.194.216.188","TCP","55","57389  >  5228 [ACK] Seq=1 Ack=1 Win=510 Len=1"
"7","2.579390","157.253.212.244","173.194.216.188","TCP","55","57390  >  5228 [ACK] Seq=1 Ack=1 Win=510 Len=1"
"8","2.580438","173.194.216.188","157.253.212.244","TCP","66","5228  >  57389 [ACK] Seq=1 Ack=2 Win=265 Len=0 SLE=1 SRE=2"
"9","2.667110","173.194.216.188","157.253.212.244","TCP","66","5228  >  57390 [ACK] Seq=1 Ack=2 Win=265 Len=0 SLE=1 SRE=2"
"10","6.729852","157.253.212.244","157.253.230.90","FTP","83","Request: PORT 157,253,212,244,205,68"
"11","6.753743","157.253.230.90","157.253.212.244","FTP","105","Response: 200 PORT command successful. Consider using PASV."
"12","6.771501","157.253.212.244","157.253.230.90","FTP","69","Request: RETR 650k.jpg"
"13","6.793123","157.253.230.90","157.253.212.244","TCP","74","20  >  52548 [SYN] Seq=0 Win=64240 Len=0 MSS=1250 SACK_PERM=1 TSval=878322333 TSecr=0 WS=128"
"14","6.793244","157.253.212.244","157.253.230.90","TCP","74","52548  >  20 [SYN, ACK] Seq=0 Ack=1 Win=65535 Len=0 MSS=1460 WS=256 SACK_PERM=1 TSval=1878292020 TSecr=878322333"
"15","6.823811","157.253.230.90","157.253.212.244","TCP","66","20  >  52548 [ACK] Seq=1 Ack=1 Win=64256 Len=0 TSval=878322353 TSecr=1878292020"
"16","6.823811","157.253.230.90","157.253.212.244","FTP","124","Response: 150 Opening BINARY mode data connection for 650k.jpg (662161 bytes)."
"17","6.823811","157.253.230.90","157.253.212.244","FTP-DATA","1304","FTP Data: 1238 bytes (PORT) (RETR 650k.jpg)"
"18","6.823811","157.253.230.90","157.253.212.244","FTP-DATA","1304","FTP Data: 1238 bytes (PORT) (RETR 650k.jpg)"
"19","6.823811","157.253.230.90","157.253.212.244","FTP-DATA","1304","FTP Data: 1238 bytes (PORT) (RETR 650k.jpg)"
"20","6.824115","157.253.212.244","157.253.230.90","TCP","66","52548  >  20 [ACK] Seq=1 Ack=3715 Win=524800 Len=0 TSval=1878292051 TSecr=878322354"
"21","6.828066","157.253.230.90","157.253.212.244","FTP-DATA","1304","FTP Data: 1238 bytes (PORT) (RETR 650k.jpg)"
"22","6.828066","157.253.230.90","157.253.212.244","FTP-DATA","1304","FTP Data: 1238 bytes (PORT) (RETR 650k.jpg)"
"23","6.828066","157.253.230.90","157.253.212.244","FTP-DATA","1304","FTP Data: 1238 bytes (PORT) (RETR 650k.jpg)"
"24","6.828066","157.253.230.90","157.253.212.244","FTP-DATA","1304","FTP Data: 1238 bytes (PORT) (RETR 650k.jpg)"
"25","6.828066","157.253.230.90","157.253.212.244","FTP-DATA","1304","FTP Data: 1238 bytes (PORT) (RETR 650k.jpg)"
"26","6.828228","157.253.212.244","157.253.230.90","TCP","66","52548  >  20 [ACK] Seq=1 Ack=9905 Win=524800 Len=0 TSval=1878292055 TSecr=878322354"
"27","6.870189","157.253.230.90","157.253.212.244","FTP-DATA","1304","FTP Data: 1238 bytes (PORT) (RETR 650k.jpg)"
"28","6.875638","157.253.212.244","157.253.230.90","TCP","54","52534  >  21 [ACK] Seq=45 Ack=122 Win=7854 Len=0"
"29","6.891230","157.253.230.90","157.253.212.244","FTP-DATA","1304","FTP Data: 1238 bytes (PORT) (RETR 650k.jpg)"
"30","6.891301","157.253.212.244","157.253.230.90","TCP","66","52548  >  20 [ACK] Seq=1 Ack=12381 Win=524800 Len=0 TSval=1878292118 TSecr=878322354"
"31","6.896588","157.253.230.90","157.253.212.244","FTP-DATA","1304","FTP Data: 1238 bytes (PORT) (RETR 650k.jpg)"
"32","6.923489","157.253.230.90","157.253.212.244","FTP-DATA","1304","FTP Data: 1238 bytes (PORT) (RETR 650k.jpg)"
"33","6.923489","157.253.230.90","157.253.212.244","FTP-DATA","1304","FTP Data: 1238 bytes (PORT) (RETR 650k.jpg)"
"34","6.923489","157.253.230.90","157.253.212.244","FTP-DATA","1304","FTP Data: 1238 bytes (PORT) (RETR 650k.jpg)"
"35","6.923489","157.253.230.90","157.253.212.244","FTP-DATA","1304","FTP Data: 1238 bytes (PORT) (RETR 650k.jpg)"
"36","6.923489","157.253.230.90","157.253.212.244","FTP-DATA","1304","FTP Data: 1238 bytes (PORT) (RETR 650k.jpg)"
"37","6.923489","157.253.230.90","157.253.212.244","FTP-DATA","1304","FTP Data: 1238 bytes (PORT) (RETR 650k.jpg)"
"38","6.923489","157.253.230.90","157.253.212.244","FTP-DATA","1304","FTP Data: 1238 bytes (PORT) (RETR 650k.jpg)"
"39","6.923684","157.253.212.244","157.253.230.90","TCP","66","52548  >  20 [ACK] Seq=1 Ack=22285 Win=524800 Len=0 TSval=1878292150 TSecr=878322386"
"40","6.927729","157.253.230.90","157.253.212.244","FTP-DATA","1304","FTP Data: 1238 bytes (PORT) (RETR 650k.jpg)"
"41","6.927729","157.253.230.90","157.253.212.244","FTP-DATA","1304","FTP Data: 1238 bytes (PORT) (RETR 650k.jpg)"
"42","6.927729","157.253.230.90","157.253.212.244","FTP-DATA","1304","FTP Data: 1238 bytes (PORT) (RETR 650k.jpg)"
"43","6.927729","157.253.230.90","157.253.212.244","FTP-DATA","1304","FTP Data: 1238 bytes (PORT) (RETR 650k.jpg)"
"44","6.927729","157.253.230.90","157.253.212.244","FTP-DATA","1304","FTP Data: 1238 bytes (PORT) (RETR 650k.jpg)"
"45","6.927729","157.253.230.90","157.253.212.244","FTP-DATA","1304","FTP Data: 1238 bytes (PORT) (RETR 650k.jpg)"
"46","6.927729","157.253.230.90","157.253.212.244","FTP-DATA","1304","FTP Data: 1238 bytes (PORT) (RETR 650k.jpg)"
"47","6.927876","157.253.212.244","157.253.230.90","TCP","66","52548  >  20 [ACK] Seq=1 Ack=30951 Win=524800 Len=0 TSval=1878292155 TSecr=878322386"
"48","6.931129","157.253.230.90","157.253.212.244","FTP-DATA","1304","FTP Data: 1238 bytes (PORT) (RETR 650k.jpg)"
"49","6.931208","157.253.212.244","157.253.230.90","TCP","66","52548  >  20 [ACK] Seq=1 Ack=32189 Win=524800 Len=0 TSval=1878292158 TSecr=878322386"
"50","6.937231","157.253.230.90","157.253.212.244","FTP-DATA","1304","FTP Data: 1238 bytes (PORT) (RETR 650k.jpg)"
"51","6.937231","157.253.230.90","157.253.212.244","FTP-DATA","2542","FTP Data: 2476 bytes (PORT) (RETR 650k.jpg)"
"52","6.937231","157.253.230.90","157.253.212.244","FTP-DATA","1304","FTP Data: 1238 bytes (PORT) (RETR 650k.jpg)"
"53","6.937330","157.253.212.244","157.253.230.90","TCP","66","52548  >  20 [ACK] Seq=1 Ack=37141 Win=524800 Len=0 TSval=1878292164 TSecr=878322454"
"54","6.954463","157.253.230.90","157.253.212.244","FTP-DATA","1304","FTP Data: 1238 bytes (PORT) (RETR 650k.jpg)"
"55","6.976272","157.253.230.90","157.253.212.244","FTP-DATA","1304","FTP Data: 1238 bytes (PORT) (RETR 650k.jpg)"
"56","6.976272","157.253.230.90","157.253.212.244","FTP-DATA","1304","FTP Data: 1238 bytes (PORT) (RETR 650k.jpg)"
"57","6.976272","157.253.230.90","157.253.212.244","FTP-DATA","1304","FTP Data: 1238 bytes (PORT) (RETR 650k.jpg)"
"58","6.976272","157.253.230.90","157.253.212.244","FTP-DATA","1304","FTP Data: 1238 bytes (PORT) (RETR 650k.jpg)"
"59","6.976369","157.253.212.244","157.253.230.90","TCP","66","52548  >  20 [ACK] Seq=1 Ack=43331 Win=524800 Len=0 TSval=1878292203 TSecr=878322493"
"60","6.980934","157.253.230.90","157.253.212.244","FTP-DATA","1304","FTP Data: 1238 bytes (PORT) (RETR 650k.jpg)"
"61","6.980934","157.253.230.90","157.253.212.244","FTP-DATA","1304","FTP Data: 1238 bytes (PORT) (RETR 650k.jpg)"
"62","6.981011","157.253.212.244","157.253.230.90","TCP","66","52548  >  20 [ACK] Seq=1 Ack=45807 Win=524800 Len=0 TSval=1878292208 TSecr=878322493"
"63","6.998093","157.253.230.90","157.253.212.244","FTP-DATA","1304","FTP Data: 1238 bytes (PORT) (RETR 650k.jpg)"
"64","6.998093","157.253.230.90","157.253.212.244","FTP-DATA","1304","FTP Data: 1238 bytes (PORT) (RETR 650k.jpg)"
"65","6.998093","157.253.230.90","157.253.212.244","FTP-DATA","1304","FTP Data: 1238 bytes (PORT) (RETR 650k.jpg)"
"66","6.998093","157.253.230.90","157.253.212.244","FTP-DATA","1304","FTP Data: 1238 bytes (PORT) (RETR 650k.jpg)"
"67","6.998093","157.253.230.90","157.253.212.244","FTP-DATA","1304","FTP Data: 1238 bytes (PORT) (RETR 650k.jpg)"
"68","6.998093","157.253.230.90","157.253.212.244","FTP-DATA","1304","FTP Data: 1238 bytes (PORT) (RETR 650k.jpg)"
"69","6.998093","157.253.230.90","157.253.212.244","FTP-DATA","1304","FTP Data: 1238 bytes (PORT) (RETR 650k.jpg)"
"70","6.998093","157.253.230.90","157.253.212.244","FTP-DATA","1304","FTP Data: 1238 bytes (PORT) (RETR 650k.jpg)"
"71","6.998093","157.253.230.90","157.253.212.244","FTP-DATA","1304","FTP Data: 1238 bytes (PORT) (RETR 650k.jpg)"
"72","6.998093","157.253.230.90","157.253.212.244","FTP-DATA","1304","FTP Data: 1238 bytes (PORT) (RETR 650k.jpg)"
"73","6.998093","157.253.230.90","157.253.212.244","FTP-DATA","1304","FTP Data: 1238 bytes (PORT) (RETR 650k.jpg)"
"74","6.998093","157.253.230.90","157.253.212.244","FTP-DATA","1304","FTP Data: 1238 bytes (PORT) (RETR 650k.jpg)"
"75","6.998093","157.253.230.90","157.253.212.244","FTP-DATA","2542","FTP Data: 2476 bytes (PORT) (RETR 650k.jpg)"
"76","6.998093","157.253.230.90","157.253.212.244","FTP-DATA","1304","FTP Data: 1238 bytes (PORT) (RETR 650k.jpg)"
"77","6.998093","157.253.230.90","157.253.212.244","FTP-DATA","2542","FTP Data: 2476 bytes (PORT) (RETR 650k.jpg)"
"78","6.998093","157.253.230.90","157.253.212.244","FTP-DATA","1304","FTP Data: 1238 bytes (PORT) (RETR 650k.jpg)"
"79","6.998093","157.253.230.90","157.253.212.244","FTP-DATA","1304","FTP Data: 1238 bytes (PORT) (RETR 650k.jpg)"
"80","6.998320","157.253.212.244","157.253.230.90","TCP","66","52548  >  20 [ACK] Seq=1 Ack=69329 Win=524800 Len=0 TSval=1878292225 TSecr=878322494"
"81","6.999349","157.253.230.90","157.253.212.244","FTP-DATA","2542","FTP Data: 2476 bytes (PORT) (RETR 650k.jpg)"
"82","6.999432","157.253.212.244","157.253.230.90","TCP","66","52548  >  20 [ACK] Seq=1 Ack=71805 Win=524800 Len=0 TSval=1878292226 TSecr=878322494"
"83","7.002303","157.253.230.90","157.253.212.244","FTP-DATA","1304","FTP Data: 1238 bytes (PORT) (RETR 650k.jpg)"
"84","7.009352","157.253.230.90","157.253.212.244","FTP-DATA","1304","FTP Data: 1238 bytes (PORT) (RETR 650k.jpg)"
"85","7.009352","157.253.230.90","157.253.212.244","FTP-DATA","1304","FTP Data: 1238 bytes (PORT) (RETR 650k.jpg)"
"86","7.009352","157.253.230.90","157.253.212.244","FTP-DATA","6256","FTP Data: 6190 bytes (PORT) (RETR 650k.jpg)"
"87","7.009352","157.253.230.90","157.253.212.244","FTP-DATA","1304","FTP Data: 1238 bytes (PORT) (RETR 650k.jpg)"
"88","7.009352","157.253.230.90","157.253.212.244","FTP-DATA","1304","FTP Data: 1238 bytes (PORT) (RETR 650k.jpg)"
"89","7.009352","157.253.230.90","157.253.212.244","FTP-DATA","1304","FTP Data: 1238 bytes (PORT) (RETR 650k.jpg)"
"90","7.009352","157.253.230.90","157.253.212.244","FTP-DATA","1304","FTP Data: 1238 bytes (PORT) (RETR 650k.jpg)"
"91","7.009352","157.253.230.90","157.253.212.244","FTP-DATA","1304","FTP Data: 1238 bytes (PORT) (RETR 650k.jpg)"
"92","7.009352","157.253.230.90","157.253.212.244","FTP-DATA","1304","FTP Data: 1238 bytes (PORT) (RETR 650k.jpg)"
"93","7.009553","157.253.212.244","157.253.230.90","TCP","66","52548  >  20 [ACK] Seq=1 Ack=89137 Win=524800 Len=0 TSval=1878292236 TSecr=878322495"
"94","7.018797","157.253.230.90","157.253.212.244","FTP-DATA","1304","FTP Data: 1238 bytes (PORT) (RETR 650k.jpg)"
"95","7.018797","157.253.230.90","157.253.212.244","FTP-DATA","1304","FTP Data: 1238 bytes (PORT) (RETR 650k.jpg)"
"96","7.018797","157.253.230.90","157.253.212.244","FTP-DATA","1304","FTP Data: 1238 bytes (PORT) (RETR 650k.jpg)"
"97","7.018797","157.253.230.90","157.253.212.244","FTP-DATA","1304","FTP Data: 1238 bytes (PORT) (RETR 650k.jpg)"
"98","7.018912","157.253.212.244","157.253.230.90","TCP","66","52548  >  20 [ACK] Seq=1 Ack=94089 Win=524800 Len=0 TSval=1878292246 TSecr=878322534"
"99","7.022925","157.253.230.90","157.253.212.244","FTP-DATA","1304","FTP Data: 1238 bytes (PORT) (RETR 650k.jpg)"
"100","7.022925","157.253.230.90","157.253.212.244","FTP-DATA","1304","FTP Data: 1238 bytes (PORT) (RETR 650k.jpg)"
"101","7.022925","157.253.230.90","157.253.212.244","FTP-DATA","1304","FTP Data: 1238 bytes (PORT) (RETR 650k.jpg)"
"102","7.022925","157.253.230.90","157.253.212.244","FTP-DATA","1304","FTP Data: 1238 bytes (PORT) (RETR 650k.jpg)"
"103","7.022925","157.253.230.90","157.253.212.244","FTP-DATA","1304","FTP Data: 1238 bytes (PORT) (RETR 650k.jpg)"
"104","7.022925","157.253.230.90","157.253.212.244","FTP-DATA","1304","FTP Data: 1238 bytes (PORT) (RETR 650k.jpg)"
"105","7.022925","157.253.230.90","157.253.212.244","FTP-DATA","1304","FTP Data: 1238 bytes (PORT) (RETR 650k.jpg)"
"106","7.022925","157.253.230.90","157.253.212.244","FTP-DATA","3780","FTP Data: 3714 bytes (PORT) (RETR 650k.jpg)"
"107","7.023071","157.253.212.244","157.253.230.90","TCP","66","52548  >  20 [ACK] Seq=1 Ack=106469 Win=524800 Len=0 TSval=1878292250 TSecr=878322542"
"108","7.046965","157.253.230.90","157.253.212.244","FTP-DATA","1304","FTP Data: 1238 bytes (PORT) (RETR 650k.jpg)"
"109","7.046965","157.253.230.90","157.253.212.244","FTP-DATA","1304","FTP Data: 1238 bytes (PORT) (RETR 650k.jpg)"
"110","7.046965","157.253.230.90","157.253.212.244","FTP-DATA","1304","FTP Data: 1238 bytes (PORT) (RETR 650k.jpg)"
"111","7.046965","157.253.230.90","157.253.212.244","FTP-DATA","1304","FTP Data: 1238 bytes (PORT) (RETR 650k.jpg)"
"112","7.046965","157.253.230.90","157.253.212.244","FTP-DATA","1304","FTP Data: 1238 bytes (PORT) (RETR 650k.jpg)"
"113","7.046965","157.253.230.90","157.253.212.244","FTP-DATA","8732","FTP Data: 8666 bytes (PORT) (RETR 650k.jpg)"
"114","7.046965","157.253.230.90","157.253.212.244","FTP-DATA","1304","FTP Data: 1238 bytes (PORT) (RETR 650k.jpg)"
"115","7.046965","157.253.230.90","157.253.212.244","FTP-DATA","1304","FTP Data: 1238 bytes (PORT) (RETR 650k.jpg)"
"116","7.046965","157.253.230.90","157.253.212.244","FTP-DATA","1304","FTP Data: 1238 bytes (PORT) (RETR 650k.jpg)"
"117","7.046965","157.253.230.90","157.253.212.244","FTP-DATA","1304","FTP Data: 1238 bytes (PORT) (RETR 650k.jpg)"
"118","7.046965","157.253.230.90","157.253.212.244","FTP-DATA","1304","FTP Data: 1238 bytes (PORT) (RETR 650k.jpg)"
"119","7.047161","157.253.212.244","157.253.230.90","TCP","66","52548  >  20 [ACK] Seq=1 Ack=127515 Win=524800 Len=0 TSval=1878292274 TSecr=878322557"
"120","7.048062","157.253.230.90","157.253.212.244","FTP-DATA","1304","FTP Data: 1238 bytes (PORT) (RETR 650k.jpg)"
"121","7.048062","157.253.230.90","157.253.212.244","FTP-DATA","1304","FTP Data: 1238 bytes (PORT) (RETR 650k.jpg)"
"122","7.048062","157.253.230.90","157.253.212.244","FTP-DATA","1304","FTP Data: 1238 bytes (PORT) (RETR 650k.jpg)"
"123","7.048062","157.253.230.90","157.253.212.244","FTP-DATA","1304","FTP Data: 1238 bytes (PORT) (RETR 650k.jpg)"
"124","7.048162","157.253.212.244","157.253.230.90","TCP","66","52548  >  20 [ACK] Seq=1 Ack=132467 Win=524800 Len=0 TSval=1878292275 TSecr=878322558"
"125","7.071977","157.253.230.90","157.253.212.244","FTP-DATA","1304","FTP Data: 1238 bytes (PORT) (RETR 650k.jpg)"
"126","7.071977","157.253.230.90","157.253.212.244","FTP-DATA","1304","FTP Data: 1238 bytes (PORT) (RETR 650k.jpg)"
"127","7.071977","157.253.230.90","157.253.212.244","FTP-DATA","1304","FTP Data: 1238 bytes (PORT) (RETR 650k.jpg)"
"128","7.071977","157.253.230.90","157.253.212.244","FTP-DATA","1304","FTP Data: 1238 bytes (PORT) (RETR 650k.jpg)"
"129","7.072073","157.253.212.244","157.253.230.90","TCP","66","52548  >  20 [ACK] Seq=1 Ack=137419 Win=524800 Len=0 TSval=1878292299 TSecr=878322558"
"130","7.083229","157.253.230.90","157.253.212.244","FTP-DATA","1304","FTP Data: 1238 bytes (PORT) (RETR 650k.jpg)"
"131","7.083229","157.253.230.90","157.253.212.244","FTP-DATA","1304","FTP Data: 1238 bytes (PORT) (RETR 650k.jpg)"
"132","7.083308","157.253.212.244","157.253.230.90","TCP","66","52548  >  20 [ACK] Seq=1 Ack=139895 Win=524800 Len=0 TSval=1878292310 TSecr=878322559"
"133","7.091466","157.253.230.90","157.253.212.244","FTP-DATA","1304","FTP Data: 1238 bytes (PORT) (RETR 650k.jpg)"
"134","7.091466","157.253.230.90","157.253.212.244","FTP-DATA","1304","FTP Data: 1238 bytes (PORT) (RETR 650k.jpg)"
"135","7.091466","157.253.230.90","157.253.212.244","FTP-DATA","1304","FTP Data: 1238 bytes (PORT) (RETR 650k.jpg)"
"136","7.091466","157.253.230.90","157.253.212.244","FTP-DATA","1304","FTP Data: 1238 bytes (PORT) (RETR 650k.jpg)"
"137","7.091466","157.253.230.90","157.253.212.244","FTP-DATA","1304","FTP Data: 1238 bytes (PORT) (RETR 650k.jpg)"
"138","7.091580","157.253.212.244","157.253.230.90","TCP","66","52548  >  20 [ACK] Seq=1 Ack=146085 Win=524800 Len=0 TSval=1878292318 TSecr=878322559"
"139","7.104168","157.253.230.90","157.253.212.244","FTP-DATA","1304","FTP Data: 1238 bytes (PORT) (RETR 650k.jpg)"
"140","7.104168","157.253.230.90","157.253.212.244","FTP-DATA","1304","FTP Data: 1238 bytes (PORT) (RETR 650k.jpg)"
"141","7.104168","157.253.230.90","157.253.212.244","FTP-DATA","1304","FTP Data: 1238 bytes (PORT) (RETR 650k.jpg)"
"142","7.104168","157.253.230.90","157.253.212.244","FTP-DATA","1304","FTP Data: 1238 bytes (PORT) (RETR 650k.jpg)"
"143","7.104168","157.253.230.90","157.253.212.244","FTP-DATA","1304","FTP Data: 1238 bytes (PORT) (RETR 650k.jpg)"
"144","7.104168","157.253.230.90","157.253.212.244","FTP-DATA","1304","FTP Data: 1238 bytes (PORT) (RETR 650k.jpg)"
"145","7.104168","157.253.230.90","157.253.212.244","FTP-DATA","1304","FTP Data: 1238 bytes (PORT) (RETR 650k.jpg)"
"146","7.104168","157.253.230.90","157.253.212.244","FTP-DATA","1304","FTP Data: 1238 bytes (PORT) (RETR 650k.jpg)"
"147","7.104289","157.253.212.244","157.253.230.90","TCP","66","52548  >  20 [ACK] Seq=1 Ack=155989 Win=524800 Len=0 TSval=1878292331 TSecr=878322560"
"148","7.145738","157.253.230.90","157.253.212.244","FTP-DATA","1304","FTP Data: 1238 bytes (PORT) (RETR 650k.jpg)"
"149","7.145738","157.253.230.90","157.253.212.244","FTP-DATA","1304","FTP Data: 1238 bytes (PORT) (RETR 650k.jpg)"
"150","7.145738","157.253.230.90","157.253.212.244","FTP-DATA","1304","FTP Data: 1238 bytes (PORT) (RETR 650k.jpg)"
"151","7.145738","157.253.230.90","157.253.212.244","FTP-DATA","1304","FTP Data: 1238 bytes (PORT) (RETR 650k.jpg)"
"152","7.145738","157.253.230.90","157.253.212.244","FTP-DATA","1304","FTP Data: 1238 bytes (PORT) (RETR 650k.jpg)"
"153","7.145738","157.253.230.90","157.253.212.244","FTP-DATA","1304","FTP Data: 1238 bytes (PORT) (RETR 650k.jpg)"
"154","7.145738","157.253.230.90","157.253.212.244","FTP-DATA","1304","FTP Data: 1238 bytes (PORT) (RETR 650k.jpg)"
"155","7.145893","157.253.212.244","157.253.230.90","TCP","66","52548  >  20 [ACK] Seq=1 Ack=164655 Win=524800 Len=0 TSval=1878292373 TSecr=878322568"
"156","7.147601","157.253.230.90","157.253.212.244","FTP-DATA","1304","FTP Data: 1238 bytes (PORT) (RETR 650k.jpg)"
"157","7.147601","157.253.230.90","157.253.212.244","FTP-DATA","1304","FTP Data: 1238 bytes (PORT) (RETR 650k.jpg)"
"158","7.147675","157.253.212.244","157.253.230.90","TCP","66","52548  >  20 [ACK] Seq=1 Ack=167131 Win=524800 Len=0 TSval=1878292374 TSecr=878322568"
"159","7.148953","157.253.230.90","157.253.212.244","FTP-DATA","1304","FTP Data: 1238 bytes (PORT) (RETR 650k.jpg)"
"160","7.148953","157.253.230.90","157.253.212.244","FTP-DATA","1304","FTP Data: 1238 bytes (PORT) (RETR 650k.jpg)"
"161","7.148953","157.253.230.90","157.253.212.244","FTP-DATA","1304","FTP Data: 1238 bytes (PORT) (RETR 650k.jpg)"
"162","7.148953","157.253.230.90","157.253.212.244","FTP-DATA","1304","FTP Data: 1238 bytes (PORT) (RETR 650k.jpg)"
"163","7.148953","157.253.230.90","157.253.212.244","FTP-DATA","1304","FTP Data: 1238 bytes (PORT) (RETR 650k.jpg)"
"164","7.148953","157.253.230.90","157.253.212.244","FTP-DATA","1304","FTP Data: 1238 bytes (PORT) (RETR 650k.jpg)"
"165","7.148953","157.253.230.90","157.253.212.244","FTP-DATA","1304","FTP Data: 1238 bytes (PORT) (RETR 650k.jpg)"
"166","7.148953","157.253.230.90","157.253.212.244","FTP-DATA","1304","FTP Data: 1238 bytes (PORT) (RETR 650k.jpg)"
"167","7.148953","157.253.230.90","157.253.212.244","FTP-DATA","1304","FTP Data: 1238 bytes (PORT) (RETR 650k.jpg)"
"168","7.148953","157.253.230.90","157.253.212.244","FTP-DATA","1304","FTP Data: 1238 bytes (PORT) (RETR 650k.jpg)"
"169","7.149106","157.253.212.244","157.253.230.90","TCP","66","52548  >  20 [ACK] Seq=1 Ack=179511 Win=524800 Len=0 TSval=1878292376 TSecr=878322568"
"170","7.156869","157.253.230.90","157.253.212.244","FTP-DATA","1304","FTP Data: 1238 bytes (PORT) (RETR 650k.jpg)"
"171","7.156869","157.253.230.90","157.253.212.244","FTP-DATA","1304","FTP Data: 1238 bytes (PORT) (RETR 650k.jpg)"
"172","7.156971","157.253.212.244","157.253.230.90","TCP","66","52548  >  20 [ACK] Seq=1 Ack=181987 Win=524800 Len=0 TSval=1878292384 TSecr=878322569"
"173","7.161210","157.253.230.90","157.253.212.244","FTP-DATA","1304","FTP Data: 1238 bytes (PORT) (RETR 650k.jpg)"
"174","7.161210","157.253.230.90","157.253.212.244","FTP-DATA","1304","FTP Data: 1238 bytes (PORT) (RETR 650k.jpg)"
"175","7.161210","157.253.230.90","157.253.212.244","FTP-DATA","1304","FTP Data: 1238 bytes (PORT) (RETR 650k.jpg)"
"176","7.161210","157.253.230.90","157.253.212.244","FTP-DATA","1304","FTP Data: 1238 bytes (PORT) (RETR 650k.jpg)"
"177","7.161210","157.253.230.90","157.253.212.244","FTP-DATA","1304","FTP Data: 1238 bytes (PORT) (RETR 650k.jpg)"
"178","7.161210","157.253.230.90","157.253.212.244","FTP-DATA","1304","FTP Data: 1238 bytes (PORT) (RETR 650k.jpg)"
"179","7.161210","157.253.230.90","157.253.212.244","FTP-DATA","1304","FTP Data: 1238 bytes (PORT) (RETR 650k.jpg)"
"180","7.161210","157.253.230.90","157.253.212.244","FTP-DATA","1304","FTP Data: 1238 bytes (PORT) (RETR 650k.jpg)"
"181","7.161210","157.253.230.90","157.253.212.244","FTP-DATA","1304","FTP Data: 1238 bytes (PORT) (RETR 650k.jpg)"
"182","7.161332","157.253.212.244","157.253.230.90","TCP","66","52548  >  20 [ACK] Seq=1 Ack=193129 Win=524800 Len=0 TSval=1878292388 TSecr=878322579"
"183","7.162653","157.253.230.90","157.253.212.244","FTP-DATA","1304","FTP Data: 1238 bytes (PORT) (RETR 650k.jpg)"
"184","7.162653","157.253.230.90","157.253.212.244","FTP-DATA","1304","FTP Data: 1238 bytes (PORT) (RETR 650k.jpg)"
"185","7.162653","157.253.230.90","157.253.212.244","FTP-DATA","1304","FTP Data: 1238 bytes (PORT) (RETR 650k.jpg)"
"186","7.162653","157.253.230.90","157.253.212.244","FTP-DATA","1304","FTP Data: 1238 bytes (PORT) (RETR 650k.jpg)"
"187","7.162653","157.253.230.90","157.253.212.244","FTP-DATA","1304","FTP Data: 1238 bytes (PORT) (RETR 650k.jpg)"
"188","7.162653","157.253.230.90","157.253.212.244","FTP-DATA","1304","FTP Data: 1238 bytes (PORT) (RETR 650k.jpg)"
"189","7.162769","157.253.212.244","157.253.230.90","TCP","66","52548  >  20 [ACK] Seq=1 Ack=200557 Win=524800 Len=0 TSval=1878292389 TSecr=878322580"
"190","7.203504","157.253.230.90","157.253.212.244","FTP-DATA","1304","FTP Data: 1238 bytes (PORT) (RETR 650k.jpg)"
"191","7.203504","157.253.230.90","157.253.212.244","FTP-DATA","1304","FTP Data: 1238 bytes (PORT) (RETR 650k.jpg)"
"192","7.203580","157.253.212.244","157.253.230.90","TCP","66","52548  >  20 [ACK] Seq=1 Ack=203033 Win=524800 Len=0 TSval=1878292430 TSecr=878322580"
"193","7.215091","157.253.230.90","157.253.212.244","FTP-DATA","1304","FTP Data: 1238 bytes (PORT) (RETR 650k.jpg)"
"194","7.223560","157.253.230.90","157.253.212.244","FTP-DATA","1304","FTP Data: 1238 bytes (PORT) (RETR 650k.jpg)"
"195","7.223632","157.253.212.244","157.253.230.90","TCP","66","52548  >  20 [ACK] Seq=1 Ack=205509 Win=524800 Len=0 TSval=1878292450 TSecr=878322580"
"196","7.229701","157.253.230.90","157.253.212.244","FTP-DATA","1304","FTP Data: 1238 bytes (PORT) (RETR 650k.jpg)"
"197","7.229701","157.253.230.90","157.253.212.244","FTP-DATA","1304","FTP Data: 1238 bytes (PORT) (RETR 650k.jpg)"
"198","7.229701","157.253.230.90","157.253.212.244","FTP-DATA","1304","FTP Data: 1238 bytes (PORT) (RETR 650k.jpg)"
"199","7.229701","157.253.230.90","157.253.212.244","FTP-DATA","1304","FTP Data: 1238 bytes (PORT) (RETR 650k.jpg)"
"200","7.229701","157.253.230.90","157.253.212.244","FTP-DATA","1304","FTP Data: 1238 bytes (PORT) (RETR 650k.jpg)"
"201","7.229701","157.253.230.90","157.253.212.244","FTP-DATA","1304","FTP Data: 1238 bytes (PORT) (RETR 650k.jpg)"
"202","7.229751","157.253.212.244","157.253.230.90","TCP","66","52548  >  20 [ACK] Seq=1 Ack=212937 Win=524800 Len=0 TSval=1878292456 TSecr=878322581"
"203","7.234220","157.253.230.90","157.253.212.244","FTP-DATA","1304","FTP Data: 1238 bytes (PORT) (RETR 650k.jpg)"
"204","7.234220","157.253.230.90","157.253.212.244","FTP-DATA","1304","FTP Data: 1238 bytes (PORT) (RETR 650k.jpg)"
"205","7.234220","157.253.230.90","157.253.212.244","FTP-DATA","1304","FTP Data: 1238 bytes (PORT) (RETR 650k.jpg)"
"206","7.234220","157.253.230.90","157.253.212.244","FTP-DATA","1304","FTP Data: 1238 bytes (PORT) (RETR 650k.jpg)"
"207","7.234220","157.253.230.90","157.253.212.244","FTP-DATA","1304","FTP Data: 1238 bytes (PORT) (RETR 650k.jpg)"
"208","7.234220","157.253.230.90","157.253.212.244","FTP-DATA","1304","FTP Data: 1238 bytes (PORT) (RETR 650k.jpg)"
"209","7.234220","157.253.230.90","157.253.212.244","FTP-DATA","1304","FTP Data: 1238 bytes (PORT) (RETR 650k.jpg)"
"210","7.234292","157.253.212.244","157.253.230.90","TCP","66","52548  >  20 [ACK] Seq=1 Ack=221603 Win=524800 Len=0 TSval=1878292461 TSecr=878322581"
"211","7.235668","157.253.230.90","157.253.212.244","FTP-DATA","1304","FTP Data: 1238 bytes (PORT) (RETR 650k.jpg)"
"212","7.235668","157.253.230.90","157.253.212.244","FTP-DATA","1304","FTP Data: 1238 bytes (PORT) (RETR 650k.jpg)"
"213","7.235693","157.253.212.244","157.253.230.90","TCP","66","52548  >  20 [ACK] Seq=1 Ack=224079 Win=524800 Len=0 TSval=1878292462 TSecr=878322581"
"214","7.239020","157.253.230.90","157.253.212.244","FTP-DATA","1304","FTP Data: 1238 bytes (PORT) (RETR 650k.jpg)"
"215","7.239020","157.253.230.90","157.253.212.244","FTP-DATA","1304","FTP Data: 1238 bytes (PORT) (RETR 650k.jpg)"
"216","7.239020","157.253.230.90","157.253.212.244","FTP-DATA","1304","FTP Data: 1238 bytes (PORT) (RETR 650k.jpg)"
"217","7.239048","157.253.212.244","157.253.230.90","TCP","66","52548  >  20 [ACK] Seq=1 Ack=227793 Win=524800 Len=0 TSval=1878292466 TSecr=878322608"
"218","7.248536","157.253.230.90","157.253.212.244","FTP-DATA","1304","FTP Data: 1238 bytes (PORT) (RETR 650k.jpg)"
"219","7.248536","157.253.230.90","157.253.212.244","FTP-DATA","1304","FTP Data: 1238 bytes (PORT) (RETR 650k.jpg)"
"220","7.248536","157.253.230.90","157.253.212.244","FTP-DATA","1304","FTP Data: 1238 bytes (PORT) (RETR 650k.jpg)"
"221","7.248536","157.253.230.90","157.253.212.244","FTP-DATA","1304","FTP Data: 1238 bytes (PORT) (RETR 650k.jpg)"
"222","7.248536","157.253.230.90","157.253.212.244","FTP-DATA","1304","FTP Data: 1238 bytes (PORT) (RETR 650k.jpg)"
"223","7.248536","157.253.230.90","157.253.212.244","FTP-DATA","1304","FTP Data: 1238 bytes (PORT) (RETR 650k.jpg)"
"224","7.248536","157.253.230.90","157.253.212.244","FTP-DATA","1304","FTP Data: 1238 bytes (PORT) (RETR 650k.jpg)"
"225","7.248536","157.253.230.90","157.253.212.244","FTP-DATA","1304","FTP Data: 1238 bytes (PORT) (RETR 650k.jpg)"
"226","7.248594","157.253.212.244","157.253.230.90","TCP","66","52548  >  20 [ACK] Seq=1 Ack=237697 Win=524800 Len=0 TSval=1878292475 TSecr=878322609"
"227","7.262979","157.253.230.90","157.253.212.244","FTP-DATA","1304","FTP Data: 1238 bytes (PORT) (RETR 650k.jpg)"
"228","7.262979","157.253.230.90","157.253.212.244","FTP-DATA","1304","FTP Data: 1238 bytes (PORT) (RETR 650k.jpg)"
"229","7.262979","157.253.230.90","157.253.212.244","FTP-DATA","1304","FTP Data: 1238 bytes (PORT) (RETR 650k.jpg)"
"230","7.262979","157.253.230.90","157.253.212.244","FTP-DATA","1304","FTP Data: 1238 bytes (PORT) (RETR 650k.jpg)"
"231","7.262979","157.253.230.90","157.253.212.244","FTP-DATA","1304","FTP Data: 1238 bytes (PORT) (RETR 650k.jpg)"
"232","7.262979","157.253.230.90","157.253.212.244","FTP-DATA","1304","FTP Data: 1238 bytes (PORT) (RETR 650k.jpg)"
"233","7.262979","157.253.230.90","157.253.212.244","FTP-DATA","1304","FTP Data: 1238 bytes (PORT) (RETR 650k.jpg)"
"234","7.262979","157.253.230.90","157.253.212.244","FTP-DATA","1304","FTP Data: 1238 bytes (PORT) (RETR 650k.jpg)"
"235","7.262979","157.253.230.90","157.253.212.244","FTP-DATA","1304","FTP Data: 1238 bytes (PORT) (RETR 650k.jpg)"
"236","7.262979","157.253.230.90","157.253.212.244","FTP-DATA","1304","FTP Data: 1238 bytes (PORT) (RETR 650k.jpg)"
"237","7.262979","157.253.230.90","157.253.212.244","FTP-DATA","2542","FTP Data: 2476 bytes (PORT) (RETR 650k.jpg)"
"238","7.263125","157.253.212.244","157.253.230.90","TCP","66","52548  >  20 [ACK] Seq=1 Ack=252553 Win=524800 Len=0 TSval=1878292490 TSecr=878322609"
"239","7.269750","157.253.230.90","157.253.212.244","FTP-DATA","1304","FTP Data: 1238 bytes (PORT) (RETR 650k.jpg)"
"240","7.269750","157.253.230.90","157.253.212.244","FTP-DATA","1304","FTP Data: 1238 bytes (PORT) (RETR 650k.jpg)"
"241","7.269830","157.253.212.244","157.253.230.90","TCP","66","52548  >  20 [ACK] Seq=1 Ack=255029 Win=524800 Len=0 TSval=1878292497 TSecr=878322609"
"242","7.280191","157.253.230.90","157.253.212.244","FTP-DATA","1304","FTP Data: 1238 bytes (PORT) (RETR 650k.jpg)"
"243","7.280191","157.253.230.90","157.253.212.244","FTP-DATA","1304","FTP Data: 1238 bytes (PORT) (RETR 650k.jpg)"
"244","7.280191","157.253.230.90","157.253.212.244","FTP-DATA","1304","FTP Data: 1238 bytes (PORT) (RETR 650k.jpg)"
"245","7.280191","157.253.230.90","157.253.212.244","FTP-DATA","1304","FTP Data: 1238 bytes (PORT) (RETR 650k.jpg)"
"246","7.280191","157.253.230.90","157.253.212.244","FTP-DATA","1304","FTP Data: 1238 bytes (PORT) (RETR 650k.jpg)"
"247","7.280191","157.253.230.90","157.253.212.244","FTP-DATA","1304","FTP Data: 1238 bytes (PORT) (RETR 650k.jpg)"
"248","7.280290","157.253.212.244","157.253.230.90","TCP","66","52548  >  20 [ACK] Seq=1 Ack=262457 Win=524800 Len=0 TSval=1878292507 TSecr=878322610"
"249","7.281612","157.253.230.90","157.253.212.244","FTP-DATA","1304","FTP Data: 1238 bytes (PORT) (RETR 650k.jpg)"
"250","7.281612","157.253.230.90","157.253.212.244","FTP-DATA","1304","FTP Data: 1238 bytes (PORT) (RETR 650k.jpg)"
"251","7.281612","157.253.230.90","157.253.212.244","FTP-DATA","1304","FTP Data: 1238 bytes (PORT) (RETR 650k.jpg)"
"252","7.281696","157.253.212.244","157.253.230.90","TCP","66","52548  >  20 [ACK] Seq=1 Ack=266171 Win=524800 Len=0 TSval=1878292508 TSecr=878322610"
"253","7.285578","157.253.230.90","157.253.212.244","FTP-DATA","1304","FTP Data: 1238 bytes (PORT) (RETR 650k.jpg)"
"254","7.285578","157.253.230.90","157.253.212.244","FTP-DATA","1304","FTP Data: 1238 bytes (PORT) (RETR 650k.jpg)"
"255","7.285578","157.253.230.90","157.253.212.244","FTP-DATA","1304","FTP Data: 1238 bytes (PORT) (RETR 650k.jpg)"
"256","7.285578","157.253.230.90","157.253.212.244","FTP-DATA","1304","FTP Data: 1238 bytes (PORT) (RETR 650k.jpg)"
"257","7.285578","157.253.230.90","157.253.212.244","FTP-DATA","1304","FTP Data: 1238 bytes (PORT) (RETR 650k.jpg)"
"258","7.285578","157.253.230.90","157.253.212.244","FTP-DATA","1304","FTP Data: 1238 bytes (PORT) (RETR 650k.jpg)"
"259","7.285578","157.253.230.90","157.253.212.244","FTP-DATA","1304","FTP Data: 1238 bytes (PORT) (RETR 650k.jpg)"
"260","7.285717","157.253.212.244","157.253.230.90","TCP","66","52548  >  20 [ACK] Seq=1 Ack=274837 Win=524800 Len=0 TSval=1878292512 TSecr=878322611"
"261","7.286974","157.253.230.90","157.253.212.244","FTP-DATA","1304","FTP Data: 1238 bytes (PORT) (RETR 650k.jpg)"
"262","7.294166","157.253.230.90","157.253.212.244","FTP-DATA","1304","FTP Data: 1238 bytes (PORT) (RETR 650k.jpg)"
"263","7.294166","157.253.230.90","157.253.212.244","FTP-DATA","1304","FTP Data: 1238 bytes (PORT) (RETR 650k.jpg)"
"264","7.294166","157.253.230.90","157.253.212.244","FTP-DATA","1304","FTP Data: 1238 bytes (PORT) (RETR 650k.jpg)"
"265","7.294166","157.253.230.90","157.253.212.244","FTP-DATA","1304","FTP Data: 1238 bytes (PORT) (RETR 650k.jpg)"
"266","7.294166","157.253.230.90","157.253.212.244","FTP-DATA","1304","FTP Data: 1238 bytes (PORT) (RETR 650k.jpg)"
"267","7.294257","157.253.212.244","157.253.230.90","TCP","66","52548  >  20 [ACK] Seq=1 Ack=282265 Win=524800 Len=0 TSval=1878292521 TSecr=878322611"
"268","7.295593","157.253.230.90","157.253.212.244","FTP-DATA","1304","FTP Data: 1238 bytes (PORT) (RETR 650k.jpg)"
"269","7.295593","157.253.230.90","157.253.212.244","FTP-DATA","1304","FTP Data: 1238 bytes (PORT) (RETR 650k.jpg)"
"270","7.295658","157.253.212.244","157.253.230.90","TCP","66","52548  >  20 [ACK] Seq=1 Ack=284741 Win=524800 Len=0 TSval=1878292522 TSecr=878322631"
"271","7.309622","157.253.230.90","157.253.212.244","FTP-DATA","1304","FTP Data: 1238 bytes (PORT) (RETR 650k.jpg)"
"272","7.315576","157.253.230.90","157.253.212.244","FTP-DATA","1304","FTP Data: 1238 bytes (PORT) (RETR 650k.jpg)"
"273","7.315645","157.253.212.244","157.253.230.90","TCP","66","52548  >  20 [ACK] Seq=1 Ack=287217 Win=524800 Len=0 TSval=1878292542 TSecr=878322631"
"274","7.351898","157.253.230.90","157.253.212.244","FTP-DATA","1304","FTP Data: 1238 bytes (PORT) (RETR 650k.jpg)"
"275","7.358267","157.253.230.90","157.253.212.244","FTP-DATA","1304","FTP Data: 1238 bytes (PORT) (RETR 650k.jpg)"
"276","7.358267","157.253.230.90","157.253.212.244","FTP-DATA","1304","FTP Data: 1238 bytes (PORT) (RETR 650k.jpg)"
"277","7.358267","157.253.230.90","157.253.212.244","FTP-DATA","1304","FTP Data: 1238 bytes (PORT) (RETR 650k.jpg)"
"278","7.358267","157.253.230.90","157.253.212.244","FTP-DATA","1304","FTP Data: 1238 bytes (PORT) (RETR 650k.jpg)"
"279","7.358267","157.253.230.90","157.253.212.244","FTP-DATA","1304","FTP Data: 1238 bytes (PORT) (RETR 650k.jpg)"
"280","7.358267","157.253.230.90","157.253.212.244","FTP-DATA","1304","FTP Data: 1238 bytes (PORT) (RETR 650k.jpg)"
"281","7.358319","157.253.212.244","157.253.230.90","TCP","66","52548  >  20 [ACK] Seq=1 Ack=295883 Win=524800 Len=0 TSval=1878292585 TSecr=878322642"
"282","7.359723","157.253.230.90","157.253.212.244","FTP-DATA","1304","FTP Data: 1238 bytes (PORT) (RETR 650k.jpg)"
"283","7.359723","157.253.230.90","157.253.212.244","FTP-DATA","1304","FTP Data: 1238 bytes (PORT) (RETR 650k.jpg)"
"284","7.359723","157.253.230.90","157.253.212.244","FTP-DATA","1304","FTP Data: 1238 bytes (PORT) (RETR 650k.jpg)"
"285","7.359757","157.253.212.244","157.253.230.90","TCP","66","52548  >  20 [ACK] Seq=1 Ack=299597 Win=524800 Len=0 TSval=1878292586 TSecr=878322651"
"286","7.380971","157.253.230.90","157.253.212.244","FTP-DATA","1304","FTP Data: 1238 bytes (PORT) (RETR 650k.jpg)"
"287","7.380971","157.253.230.90","157.253.212.244","FTP-DATA","1304","FTP Data: 1238 bytes (PORT) (RETR 650k.jpg)"
"288","7.380971","157.253.230.90","157.253.212.244","FTP-DATA","1304","FTP Data: 1238 bytes (PORT) (RETR 650k.jpg)"
"289","7.380971","157.253.230.90","157.253.212.244","FTP-DATA","1304","FTP Data: 1238 bytes (PORT) (RETR 650k.jpg)"
"290","7.381064","157.253.212.244","157.253.230.90","TCP","66","52548  >  20 [ACK] Seq=1 Ack=304549 Win=524800 Len=0 TSval=1878292608 TSecr=878322664"
"291","7.389579","157.253.230.90","157.253.212.244","FTP-DATA","1304","FTP Data: 1238 bytes (PORT) (RETR 650k.jpg)"
"292","7.391672","157.253.230.90","157.253.212.244","FTP-DATA","1304","FTP Data: 1238 bytes (PORT) (RETR 650k.jpg)"
"293","7.391672","157.253.230.90","157.253.212.244","FTP-DATA","1304","FTP Data: 1238 bytes (PORT) (RETR 650k.jpg)"
"294","7.391672","157.253.230.90","157.253.212.244","FTP-DATA","1304","FTP Data: 1238 bytes (PORT) (RETR 650k.jpg)"
"295","7.391672","157.253.230.90","157.253.212.244","FTP-DATA","1304","FTP Data: 1238 bytes (PORT) (RETR 650k.jpg)"
"296","7.391672","157.253.230.90","157.253.212.244","FTP-DATA","1304","FTP Data: 1238 bytes (PORT) (RETR 650k.jpg)"
"297","7.391672","157.253.230.90","157.253.212.244","FTP-DATA","1304","FTP Data: 1238 bytes (PORT) (RETR 650k.jpg)"
"298","7.391672","157.253.230.90","157.253.212.244","FTP-DATA","1304","FTP Data: 1238 bytes (PORT) (RETR 650k.jpg)"
"299","7.391672","157.253.230.90","157.253.212.244","FTP-DATA","1304","FTP Data: 1238 bytes (PORT) (RETR 650k.jpg)"
"300","7.391788","157.253.212.244","157.253.230.90","TCP","66","52548  >  20 [ACK] Seq=1 Ack=315691 Win=524800 Len=0 TSval=1878292619 TSecr=878322664"
"301","7.393946","157.253.230.90","157.253.212.244","FTP-DATA","1304","FTP Data: 1238 bytes (PORT) (RETR 650k.jpg)"
"302","7.394002","157.253.212.244","157.253.230.90","TCP","66","52548  >  20 [ACK] Seq=1 Ack=316929 Win=524800 Len=0 TSval=1878292621 TSecr=878322665"
"303","7.395882","157.253.230.90","157.253.212.244","FTP-DATA","1304","FTP Data: 1238 bytes (PORT) (RETR 650k.jpg)"
"304","7.398726","157.253.230.90","157.253.212.244","FTP-DATA","3780","FTP Data: 3714 bytes (PORT) (RETR 650k.jpg)"
"305","7.398800","157.253.212.244","157.253.230.90","TCP","66","52548  >  20 [ACK] Seq=1 Ack=321881 Win=524800 Len=0 TSval=1878292626 TSecr=878322665"
"306","7.401707","157.253.230.90","157.253.212.244","FTP-DATA","1304","FTP Data: 1238 bytes (PORT) (RETR 650k.jpg)"
"307","7.403201","157.253.230.90","157.253.212.244","FTP-DATA","2542","FTP Data: 2476 bytes (PORT) (RETR 650k.jpg)"
"308","7.403271","157.253.212.244","157.253.230.90","TCP","66","52548  >  20 [ACK] Seq=1 Ack=325595 Win=524800 Len=0 TSval=1878292630 TSecr=878322707"
"309","7.409557","157.253.230.90","157.253.212.244","FTP-DATA","1304","FTP Data: 1238 bytes (PORT) (RETR 650k.jpg)"
"310","7.409557","157.253.230.90","157.253.212.244","FTP-DATA","2542","FTP Data: 2476 bytes (PORT) (RETR 650k.jpg)"
"311","7.409642","157.253.212.244","157.253.230.90","TCP","66","52548  >  20 [ACK] Seq=1 Ack=329309 Win=524800 Len=0 TSval=1878292636 TSecr=878322707"
"312","7.410803","157.253.230.90","157.253.212.244","FTP-DATA","1304","FTP Data: 1238 bytes (PORT) (RETR 650k.jpg)"
"313","7.412019","157.253.230.90","157.253.212.244","FTP-DATA","1304","FTP Data: 1238 bytes (PORT) (RETR 650k.jpg)"
"314","7.412078","157.253.212.244","157.253.230.90","TCP","66","52548  >  20 [ACK] Seq=1 Ack=331785 Win=524800 Len=0 TSval=1878292639 TSecr=878322708"
"315","7.413041","157.253.230.90","157.253.212.244","FTP-DATA","1304","FTP Data: 1238 bytes (PORT) (RETR 650k.jpg)"
"316","7.414514","157.253.230.90","157.253.212.244","FTP-DATA","1304","FTP Data: 1238 bytes (PORT) (RETR 650k.jpg)"
"317","7.414571","157.253.212.244","157.253.230.90","TCP","66","52548  >  20 [ACK] Seq=1 Ack=334261 Win=524800 Len=0 TSval=1878292641 TSecr=878322708"
"318","7.417713","157.253.230.90","157.253.212.244","FTP-DATA","1304","FTP Data: 1238 bytes (PORT) (RETR 650k.jpg)"
"319","7.419896","157.253.230.90","157.253.212.244","FTP-DATA","1304","FTP Data: 1238 bytes (PORT) (RETR 650k.jpg)"
"320","7.419963","157.253.212.244","157.253.230.90","TCP","66","52548  >  20 [ACK] Seq=1 Ack=336737 Win=524800 Len=0 TSval=1878292647 TSecr=878322708"
"321","7.423964","157.253.230.90","157.253.212.244","FTP-DATA","1304","FTP Data: 1238 bytes (PORT) (RETR 650k.jpg)"
"322","7.423964","157.253.230.90","157.253.212.244","FTP-DATA","2542","FTP Data: 2476 bytes (PORT) (RETR 650k.jpg)"
"323","7.424056","157.253.212.244","157.253.230.90","TCP","66","52548  >  20 [ACK] Seq=1 Ack=340451 Win=524800 Len=0 TSval=1878292651 TSecr=878322708"
"324","7.426405","157.253.230.90","157.253.212.244","FTP-DATA","1304","FTP Data: 1238 bytes (PORT) (RETR 650k.jpg)"
"325","7.426405","157.253.230.90","157.253.212.244","FTP-DATA","1304","FTP Data: 1238 bytes (PORT) (RETR 650k.jpg)"
"326","7.426473","157.253.212.244","157.253.230.90","TCP","66","52548  >  20 [ACK] Seq=1 Ack=342927 Win=524800 Len=0 TSval=1878292653 TSecr=878322708"
"327","7.429277","157.253.230.90","157.253.212.244","FTP-DATA","1304","FTP Data: 1238 bytes (PORT) (RETR 650k.jpg)"
"328","7.429344","157.253.212.244","157.253.230.90","TCP","66","52548  >  20 [ACK] Seq=1 Ack=344165 Win=524800 Len=0 TSval=1878292656 TSecr=878322708"
"329","7.438713","157.253.230.90","157.253.212.244","FTP-DATA","1304","FTP Data: 1238 bytes (PORT) (RETR 650k.jpg)"
"330","7.441573","157.253.230.90","157.253.212.244","FTP-DATA","5018","FTP Data: 4952 bytes (PORT) (RETR 650k.jpg)"
"331","7.441737","157.253.212.244","157.253.230.90","TCP","66","52548  >  20 [ACK] Seq=1 Ack=350355 Win=524800 Len=0 TSval=1878292668 TSecr=878322708"
"332","7.443256","157.253.230.90","157.253.212.244","FTP-DATA","2542","FTP Data: 2476 bytes (PORT) (RETR 650k.jpg)"
"333","7.443346","157.253.212.244","157.253.230.90","TCP","66","52548  >  20 [ACK] Seq=1 Ack=352831 Win=524800 Len=0 TSval=1878292670 TSecr=878322708"
"334","7.445952","157.253.230.90","157.253.212.244","FTP-DATA","1304","FTP Data: 1238 bytes (PORT) (RETR 650k.jpg)"
"335","7.446015","157.253.212.244","157.253.230.90","TCP","66","52548  >  20 [ACK] Seq=1 Ack=354069 Win=524800 Len=0 TSval=1878292673 TSecr=878322708"
"336","7.449943","157.253.230.90","157.253.212.244","FTP-DATA","1304","FTP Data: 1238 bytes (PORT) (RETR 650k.jpg)"
"337","7.459948","157.253.230.90","157.253.212.244","FTP-DATA","1304","FTP Data: 1238 bytes (PORT) (RETR 650k.jpg)"
"338","7.460010","157.253.212.244","157.253.230.90","TCP","66","52548  >  20 [ACK] Seq=1 Ack=356545 Win=524800 Len=0 TSval=1878292687 TSecr=878322708"
"339","7.516756","157.253.230.90","157.253.212.244","FTP-DATA","1304","FTP Data: 1238 bytes (PORT) (RETR 650k.jpg)"
"340","7.531311","157.253.230.90","157.253.212.244","FTP-DATA","1304","FTP Data: 1238 bytes (PORT) (RETR 650k.jpg)"
"341","7.531339","157.253.212.244","157.253.230.90","TCP","66","52548  >  20 [ACK] Seq=1 Ack=359021 Win=524800 Len=0 TSval=1878292758 TSecr=878322709"
"342","7.538222","157.253.230.90","157.253.212.244","FTP-DATA","1304","FTP Data: 1238 bytes (PORT) (RETR 650k.jpg)"
"343","7.547695","157.253.230.90","157.253.212.244","FTP-DATA","1304","FTP Data: 1238 bytes (PORT) (RETR 650k.jpg)"
"344","7.547726","157.253.212.244","157.253.230.90","TCP","66","52548  >  20 [ACK] Seq=1 Ack=361497 Win=524800 Len=0 TSval=1878292774 TSecr=878322709"
"345","7.557936","157.253.230.90","157.253.212.244","FTP-DATA","1304","FTP Data: 1238 bytes (PORT) (RETR 650k.jpg)"
"346","7.561982","157.253.230.90","157.253.212.244","FTP-DATA","1304","FTP Data: 1238 bytes (PORT) (RETR 650k.jpg)"
"347","7.561982","157.253.230.90","157.253.212.244","FTP-DATA","1304","FTP Data: 1238 bytes (PORT) (RETR 650k.jpg)"
"348","7.562036","157.253.212.244","157.253.230.90","TCP","66","52548  >  20 [ACK] Seq=1 Ack=365211 Win=524800 Len=0 TSval=1878292789 TSecr=878322709"
"349","7.563425","157.253.230.90","157.253.212.244","FTP-DATA","1304","FTP Data: 1238 bytes (PORT) (RETR 650k.jpg)"
"350","7.563472","157.253.212.244","157.253.230.90","TCP","66","52548  >  20 [ACK] Seq=1 Ack=366449 Win=524800 Len=0 TSval=1878292790 TSecr=878322709"
"351","7.569043","157.253.230.90","157.253.212.244","FTP-DATA","1304","FTP Data: 1238 bytes (PORT) (RETR 650k.jpg)"
"352","7.574258","157.253.230.90","157.253.212.244","FTP-DATA","1304","FTP Data: 1238 bytes (PORT) (RETR 650k.jpg)"
"353","7.574258","157.253.230.90","157.253.212.244","FTP-DATA","1304","FTP Data: 1238 bytes (PORT) (RETR 650k.jpg)"
"354","7.574258","157.253.230.90","157.253.212.244","FTP-DATA","1304","FTP Data: 1238 bytes (PORT) (RETR 650k.jpg)"
"355","7.574258","157.253.230.90","157.253.212.244","FTP-DATA","1304","FTP Data: 1238 bytes (PORT) (RETR 650k.jpg)"
"356","7.574258","157.253.230.90","157.253.212.244","FTP-DATA","1304","FTP Data: 1238 bytes (PORT) (RETR 650k.jpg)"
"357","7.574306","157.253.212.244","157.253.230.90","TCP","66","52548  >  20 [ACK] Seq=1 Ack=373877 Win=524800 Len=0 TSval=1878292801 TSecr=878322709"
"358","7.583474","157.253.230.90","157.253.212.244","FTP-DATA","1304","FTP Data: 1238 bytes (PORT) (RETR 650k.jpg)"
"359","7.583474","157.253.230.90","157.253.212.244","FTP-DATA","1304","FTP Data: 1238 bytes (PORT) (RETR 650k.jpg)"
"360","7.583474","157.253.230.90","157.253.212.244","FTP-DATA","1304","FTP Data: 1238 bytes (PORT) (RETR 650k.jpg)"
"361","7.583474","157.253.230.90","157.253.212.244","FTP-DATA","1304","FTP Data: 1238 bytes (PORT) (RETR 650k.jpg)"
"362","7.583474","157.253.230.90","157.253.212.244","FTP-DATA","1304","FTP Data: 1238 bytes (PORT) (RETR 650k.jpg)"
"363","7.583474","157.253.230.90","157.253.212.244","FTP-DATA","1304","FTP Data: 1238 bytes (PORT) (RETR 650k.jpg)"
"364","7.583474","157.253.230.90","157.253.212.244","FTP-DATA","1304","FTP Data: 1238 bytes (PORT) (RETR 650k.jpg)"
"365","7.583474","157.253.230.90","157.253.212.244","FTP-DATA","1304","FTP Data: 1238 bytes (PORT) (RETR 650k.jpg)"
"366","7.583474","157.253.230.90","157.253.212.244","FTP-DATA","3780","FTP Data: 3714 bytes (PORT) (RETR 650k.jpg)"
"367","7.583474","157.253.230.90","157.253.212.244","FTP-DATA","1304","FTP Data: 1238 bytes (PORT) (RETR 650k.jpg)"
"368","7.583474","157.253.230.90","157.253.212.244","FTP-DATA","3780","FTP Data: 3714 bytes (PORT) (RETR 650k.jpg)"
"369","7.583605","157.253.212.244","157.253.230.90","TCP","66","52548  >  20 [ACK] Seq=1 Ack=392447 Win=524800 Len=0 TSval=1878292810 TSecr=878322729"
"370","7.599750","157.253.230.90","157.253.212.244","FTP-DATA","1304","FTP Data: 1238 bytes (PORT) (RETR 650k.jpg)"
"371","7.599750","157.253.230.90","157.253.212.244","FTP-DATA","8732","FTP Data: 8666 bytes (PORT) (RETR 650k.jpg)"
"372","7.599750","157.253.230.90","157.253.212.244","FTP-DATA","1304","FTP Data: 1238 bytes (PORT) (RETR 650k.jpg)"
"373","7.599750","157.253.230.90","157.253.212.244","FTP-DATA","5018","FTP Data: 4952 bytes (PORT) (RETR 650k.jpg)"
"374","7.599750","157.253.230.90","157.253.212.244","FTP-DATA","1304","FTP Data: 1238 bytes (PORT) (RETR 650k.jpg)"
"375","7.599750","157.253.230.90","157.253.212.244","FTP-DATA","1304","FTP Data: 1238 bytes (PORT) (RETR 650k.jpg)"
"376","7.599750","157.253.230.90","157.253.212.244","FTP-DATA","1304","FTP Data: 1238 bytes (PORT) (RETR 650k.jpg)"
"377","7.599750","157.253.230.90","157.253.212.244","FTP-DATA","1304","FTP Data: 1238 bytes (PORT) (RETR 650k.jpg)"
"378","7.599750","157.253.230.90","157.253.212.244","FTP-DATA","1304","FTP Data: 1238 bytes (PORT) (RETR 650k.jpg)"
"379","7.599750","157.253.230.90","157.253.212.244","FTP-DATA","2542","FTP Data: 2476 bytes (PORT) (RETR 650k.jpg)"
"380","7.599750","157.253.230.90","157.253.212.244","FTP-DATA","1304","FTP Data: 1238 bytes (PORT) (RETR 650k.jpg)"
"381","7.599750","157.253.230.90","157.253.212.244","FTP-DATA","1304","FTP Data: 1238 bytes (PORT) (RETR 650k.jpg)"
"382","7.599861","157.253.212.244","157.253.230.90","TCP","66","52548  >  20 [ACK] Seq=1 Ack=419683 Win=524800 Len=0 TSval=1878292827 TSecr=878322730"
"383","7.615184","157.253.230.90","157.253.212.244","FTP-DATA","1304","FTP Data: 1238 bytes (PORT) (RETR 650k.jpg)"
"384","7.615215","157.253.212.244","157.253.230.90","TCP","66","52548  >  20 [ACK] Seq=1 Ack=420921 Win=524800 Len=0 TSval=1878292842 TSecr=878322784"
"385","7.622354","157.253.230.90","157.253.212.244","FTP-DATA","1304","FTP Data: 1238 bytes (PORT) (RETR 650k.jpg)"
"386","7.622354","157.253.230.90","157.253.212.244","FTP-DATA","1304","FTP Data: 1238 bytes (PORT) (RETR 650k.jpg)"
"387","7.622388","157.253.212.244","157.253.230.90","TCP","66","52548  >  20 [ACK] Seq=1 Ack=423397 Win=524800 Len=0 TSval=1878292849 TSecr=878322784"
"388","7.644208","157.253.230.90","157.253.212.244","FTP-DATA","1304","FTP Data: 1238 bytes (PORT) (RETR 650k.jpg)"
"389","7.646479","157.253.230.90","157.253.212.244","FTP-DATA","1304","FTP Data: 1238 bytes (PORT) (RETR 650k.jpg)"
"390","7.646548","157.253.212.244","157.253.230.90","TCP","66","52548  >  20 [ACK] Seq=1 Ack=425873 Win=524800 Len=0 TSval=1878292873 TSecr=878322788"
"391","7.656937","157.253.230.90","157.253.212.244","FTP-DATA","1304","FTP Data: 1238 bytes (PORT) (RETR 650k.jpg)"
"392","7.656937","157.253.230.90","157.253.212.244","FTP-DATA","2542","FTP Data: 2476 bytes (PORT) (RETR 650k.jpg)"
"393","7.656937","157.253.230.90","157.253.212.244","FTP-DATA","1304","FTP Data: 1238 bytes (PORT) (RETR 650k.jpg)"
"394","7.656937","157.253.230.90","157.253.212.244","FTP-DATA","1304","FTP Data: 1238 bytes (PORT) (RETR 650k.jpg)"
"395","7.656937","157.253.230.90","157.253.212.244","FTP-DATA","1304","FTP Data: 1238 bytes (PORT) (RETR 650k.jpg)"
"396","7.656937","157.253.230.90","157.253.212.244","FTP-DATA","1304","FTP Data: 1238 bytes (PORT) (RETR 650k.jpg)"
"397","7.656937","157.253.230.90","157.253.212.244","FTP-DATA","1304","FTP Data: 1238 bytes (PORT) (RETR 650k.jpg)"
"398","7.656937","157.253.230.90","157.253.212.244","FTP-DATA","1304","FTP Data: 1238 bytes (PORT) (RETR 650k.jpg)"
"399","7.656937","157.253.230.90","157.253.212.244","FTP-DATA","1304","FTP Data: 1238 bytes (PORT) (RETR 650k.jpg)"
"400","7.656937","157.253.230.90","157.253.212.244","FTP-DATA","2542","FTP Data: 2476 bytes (PORT) (RETR 650k.jpg)"
"401","7.656937","157.253.230.90","157.253.212.244","FTP-DATA","1304","FTP Data: 1238 bytes (PORT) (RETR 650k.jpg)"
"402","7.656937","157.253.230.90","157.253.212.244","FTP-DATA","2542","FTP Data: 2476 bytes (PORT) (RETR 650k.jpg)"
"403","7.657310","157.253.212.244","157.253.230.90","TCP","66","52548  >  20 [ACK] Seq=1 Ack=444443 Win=524800 Len=0 TSval=1878292884 TSecr=878322788"
"404","7.673919","157.253.230.90","157.253.212.244","FTP-DATA","1304","FTP Data: 1238 bytes (PORT) (RETR 650k.jpg)"
"405","7.673919","157.253.230.90","157.253.212.244","FTP-DATA","1304","FTP Data: 1238 bytes (PORT) (RETR 650k.jpg)"
"406","7.673919","157.253.230.90","157.253.212.244","FTP-DATA","1304","FTP Data: 1238 bytes (PORT) (RETR 650k.jpg)"
"407","7.673919","157.253.230.90","157.253.212.244","FTP-DATA","6256","FTP Data: 6190 bytes (PORT) (RETR 650k.jpg)"
"408","7.673919","157.253.230.90","157.253.212.244","FTP-DATA","1304","FTP Data: 1238 bytes (PORT) (RETR 650k.jpg)"
"409","7.673919","157.253.230.90","157.253.212.244","FTP-DATA","1304","FTP Data: 1238 bytes (PORT) (RETR 650k.jpg)"
"410","7.673919","157.253.230.90","157.253.212.244","FTP-DATA","1304","FTP Data: 1238 bytes (PORT) (RETR 650k.jpg)"
"411","7.673919","157.253.230.90","157.253.212.244","FTP-DATA","1304","FTP Data: 1238 bytes (PORT) (RETR 650k.jpg)"
"412","7.673919","157.253.230.90","157.253.212.244","FTP-DATA","1304","FTP Data: 1238 bytes (PORT) (RETR 650k.jpg)"
"413","7.673919","157.253.230.90","157.253.212.244","FTP-DATA","1304","FTP Data: 1238 bytes (PORT) (RETR 650k.jpg)"
"414","7.674161","157.253.212.244","157.253.230.90","TCP","66","52548  >  20 [ACK] Seq=1 Ack=461775 Win=524800 Len=0 TSval=1878292901 TSecr=878322807"
"415","7.677943","157.253.230.90","157.253.212.244","FTP-DATA","1304","FTP Data: 1238 bytes (PORT) (RETR 650k.jpg)"
"416","7.677943","157.253.230.90","157.253.212.244","FTP-DATA","1304","FTP Data: 1238 bytes (PORT) (RETR 650k.jpg)"
"417","7.677943","157.253.230.90","157.253.212.244","FTP-DATA","1304","FTP Data: 1238 bytes (PORT) (RETR 650k.jpg)"
"418","7.677943","157.253.230.90","157.253.212.244","FTP-DATA","1304","FTP Data: 1238 bytes (PORT) (RETR 650k.jpg)"
"419","7.677943","157.253.230.90","157.253.212.244","FTP-DATA","1304","FTP Data: 1238 bytes (PORT) (RETR 650k.jpg)"
"420","7.677943","157.253.230.90","157.253.212.244","FTP-DATA","1304","FTP Data: 1238 bytes (PORT) (RETR 650k.jpg)"
"421","7.677943","157.253.230.90","157.253.212.244","FTP-DATA","3780","FTP Data: 3714 bytes (PORT) (RETR 650k.jpg)"
"422","7.677943","157.253.230.90","157.253.212.244","FTP-DATA","1304","FTP Data: 1238 bytes (PORT) (RETR 650k.jpg)"
"423","7.677943","157.253.230.90","157.253.212.244","FTP-DATA","1304","FTP Data: 1238 bytes (PORT) (RETR 650k.jpg)"
"424","7.678096","157.253.212.244","157.253.230.90","TCP","66","52548  >  20 [ACK] Seq=1 Ack=475393 Win=524800 Len=0 TSval=1878292905 TSecr=878322825"
"425","7.679041","157.253.230.90","157.253.212.244","FTP-DATA","5018","FTP Data: 4952 bytes (PORT) (RETR 650k.jpg)"
"426","7.679145","157.253.212.244","157.253.230.90","TCP","66","52548  >  20 [ACK] Seq=1 Ack=480345 Win=524800 Len=0 TSval=1878292906 TSecr=878322839"
"427","7.705757","157.253.230.90","157.253.212.244","FTP-DATA","2542","FTP Data: 2476 bytes (PORT) (RETR 650k.jpg)"
"428","7.705845","157.253.212.244","157.253.230.90","TCP","66","52548  >  20 [ACK] Seq=1 Ack=482821 Win=524800 Len=0 TSval=1878292933 TSecr=878322839"
"429","7.724479","157.253.230.90","157.253.212.244","FTP-DATA","1304","FTP Data: 1238 bytes (PORT) (RETR 650k.jpg)"
"430","7.724479","157.253.230.90","157.253.212.244","FTP-DATA","5018","FTP Data: 4952 bytes (PORT) (RETR 650k.jpg)"
"431","7.724479","157.253.230.90","157.253.212.244","FTP-DATA","1304","FTP Data: 1238 bytes (PORT) (RETR 650k.jpg)"
"432","7.724479","157.253.230.90","157.253.212.244","FTP-DATA","1304","FTP Data: 1238 bytes (PORT) (RETR 650k.jpg)"
"433","7.724479","157.253.230.90","157.253.212.244","FTP-DATA","2542","FTP Data: 2476 bytes (PORT) (RETR 650k.jpg)"
"434","7.724479","157.253.230.90","157.253.212.244","FTP-DATA","1304","FTP Data: 1238 bytes (PORT) (RETR 650k.jpg)"
"435","7.724479","157.253.230.90","157.253.212.244","FTP-DATA","6256","FTP Data: 6190 bytes (PORT) (RETR 650k.jpg)"
"436","7.724479","157.253.230.90","157.253.212.244","FTP-DATA","1304","FTP Data: 1238 bytes (PORT) (RETR 650k.jpg)"
"437","7.724479","157.253.230.90","157.253.212.244","FTP-DATA","1304","FTP Data: 1238 bytes (PORT) (RETR 650k.jpg)"
"438","7.724674","157.253.212.244","157.253.230.90","TCP","66","52548  >  20 [ACK] Seq=1 Ack=503867 Win=524800 Len=0 TSval=1878292951 TSecr=878322839"
"439","7.727650","157.253.230.90","157.253.212.244","FTP-DATA","1304","FTP Data: 1238 bytes (PORT) (RETR 650k.jpg)"
"440","7.727650","157.253.230.90","157.253.212.244","FTP-DATA","1304","FTP Data: 1238 bytes (PORT) (RETR 650k.jpg)"
"441","7.727650","157.253.230.90","157.253.212.244","FTP-DATA","1304","FTP Data: 1238 bytes (PORT) (RETR 650k.jpg)"
"442","7.727650","157.253.230.90","157.253.212.244","FTP-DATA","1304","FTP Data: 1238 bytes (PORT) (RETR 650k.jpg)"
"443","7.727650","157.253.230.90","157.253.212.244","FTP-DATA","1304","FTP Data: 1238 bytes (PORT) (RETR 650k.jpg)"
"444","7.727650","157.253.230.90","157.253.212.244","FTP-DATA","1304","FTP Data: 1238 bytes (PORT) (RETR 650k.jpg)"
"445","7.727650","157.253.230.90","157.253.212.244","FTP-DATA","1304","FTP Data: 1238 bytes (PORT) (RETR 650k.jpg)"
"446","7.727752","157.253.212.244","157.253.230.90","TCP","66","52548  >  20 [ACK] Seq=1 Ack=512533 Win=524800 Len=0 TSval=1878292954 TSecr=878322918"
"447","7.740269","157.253.230.90","157.253.212.244","FTP-DATA","1304","FTP Data: 1238 bytes (PORT) (RETR 650k.jpg)"
"448","7.740269","157.253.230.90","157.253.212.244","FTP-DATA","1304","FTP Data: 1238 bytes (PORT) (RETR 650k.jpg)"
"449","7.740269","157.253.230.90","157.253.212.244","FTP-DATA","1304","FTP Data: 1238 bytes (PORT) (RETR 650k.jpg)"
"450","7.740269","157.253.230.90","157.253.212.244","FTP-DATA","1304","FTP Data: 1238 bytes (PORT) (RETR 650k.jpg)"
"451","7.740362","157.253.212.244","157.253.230.90","TCP","66","52548  >  20 [ACK] Seq=1 Ack=517485 Win=524800 Len=0 TSval=1878292967 TSecr=878322919"
"452","7.746745","157.253.230.90","157.253.212.244","FTP-DATA","1304","FTP Data: 1238 bytes (PORT) (RETR 650k.jpg)"
"453","7.746745","157.253.230.90","157.253.212.244","FTP-DATA","2542","FTP Data: 2476 bytes (PORT) (RETR 650k.jpg)"
"454","7.746745","157.253.230.90","157.253.212.244","FTP-DATA","1304","FTP Data: 1238 bytes (PORT) (RETR 650k.jpg)"
"455","7.746745","157.253.230.90","157.253.212.244","FTP-DATA","3780","FTP Data: 3714 bytes (PORT) (RETR 650k.jpg)"
"456","7.746745","157.253.230.90","157.253.212.244","FTP-DATA","1304","FTP Data: 1238 bytes (PORT) (RETR 650k.jpg)"
"457","7.746745","157.253.230.90","157.253.212.244","FTP-DATA","1304","FTP Data: 1238 bytes (PORT) (RETR 650k.jpg)"
"458","7.746745","157.253.230.90","157.253.212.244","FTP-DATA","1304","FTP Data: 1238 bytes (PORT) (RETR 650k.jpg)"
"459","7.746745","157.253.230.90","157.253.212.244","FTP-DATA","1304","FTP Data: 1238 bytes (PORT) (RETR 650k.jpg)"
"460","7.746745","157.253.230.90","157.253.212.244","FTP-DATA","1304","FTP Data: 1238 bytes (PORT) (RETR 650k.jpg)"
"461","7.746745","157.253.230.90","157.253.212.244","FTP-DATA","1304","FTP Data: 1238 bytes (PORT) (RETR 650k.jpg)"
"462","7.746745","157.253.230.90","157.253.212.244","FTP-DATA","1304","FTP Data: 1238 bytes (PORT) (RETR 650k.jpg)"
"463","7.746745","157.253.230.90","157.253.212.244","FTP-DATA","1304","FTP Data: 1238 bytes (PORT) (RETR 650k.jpg)"
"464","7.746745","157.253.230.90","157.253.212.244","FTP-DATA","1304","FTP Data: 1238 bytes (PORT) (RETR 650k.jpg)"
"465","7.746935","157.253.212.244","157.253.230.90","TCP","66","52548  >  20 [ACK] Seq=1 Ack=537293 Win=524800 Len=0 TSval=1878292974 TSecr=878322919"
"466","7.748093","157.253.230.90","157.253.212.244","FTP-DATA","1304","FTP Data: 1238 bytes (PORT) (RETR 650k.jpg)"
"467","7.757103","157.253.230.90","157.253.212.244","FTP-DATA","1304","FTP Data: 1238 bytes (PORT) (RETR 650k.jpg)"
"468","7.757103","157.253.230.90","157.253.212.244","FTP-DATA","1304","FTP Data: 1238 bytes (PORT) (RETR 650k.jpg)"
"469","7.757103","157.253.230.90","157.253.212.244","FTP-DATA","1304","FTP Data: 1238 bytes (PORT) (RETR 650k.jpg)"
"470","7.757103","157.253.230.90","157.253.212.244","FTP-DATA","1304","FTP Data: 1238 bytes (PORT) (RETR 650k.jpg)"
"471","7.757103","157.253.230.90","157.253.212.244","FTP-DATA","1304","FTP Data: 1238 bytes (PORT) (RETR 650k.jpg)"
"472","7.757200","157.253.212.244","157.253.230.90","TCP","66","52548  >  20 [ACK] Seq=1 Ack=544721 Win=524800 Len=0 TSval=1878292984 TSecr=878322952"
"473","7.758553","157.253.230.90","157.253.212.244","FTP-DATA","2542","FTP Data: 2476 bytes (PORT) (RETR 650k.jpg)"
"474","7.758625","157.253.212.244","157.253.230.90","TCP","66","52548  >  20 [ACK] Seq=1 Ack=547197 Win=524800 Len=0 TSval=1878292985 TSecr=878322973"
"475","7.766503","157.253.230.90","157.253.212.244","FTP-DATA","9970","FTP Data: 9904 bytes (PORT) (RETR 650k.jpg)"
"476","7.766503","157.253.230.90","157.253.212.244","FTP-DATA","1304","FTP Data: 1238 bytes (PORT) (RETR 650k.jpg)"
"477","7.766503","157.253.230.90","157.253.212.244","FTP-DATA","5018","FTP Data: 4952 bytes (PORT) (RETR 650k.jpg)"
"478","7.766710","157.253.212.244","157.253.230.90","TCP","66","52548  >  20 [ACK] Seq=1 Ack=563291 Win=524800 Len=0 TSval=1878292993 TSecr=878322973"
"479","7.767376","157.253.230.90","157.253.212.244","FTP-DATA","3780","FTP Data: 3714 bytes (PORT) (RETR 650k.jpg)"
"480","7.767492","157.253.212.244","157.253.230.90","TCP","66","52548  >  20 [ACK] Seq=1 Ack=567005 Win=524800 Len=0 TSval=1878292994 TSecr=878322985"
"481","7.781043","157.253.230.90","157.253.212.244","FTP-DATA","1304","FTP Data: 1238 bytes (PORT) (RETR 650k.jpg)"
"482","7.781043","157.253.230.90","157.253.212.244","FTP-DATA","1304","FTP Data: 1238 bytes (PORT) (RETR 650k.jpg)"
"483","7.781043","157.253.230.90","157.253.212.244","FTP-DATA","1304","FTP Data: 1238 bytes (PORT) (RETR 650k.jpg)"
"484","7.781043","157.253.230.90","157.253.212.244","FTP-DATA","1304","FTP Data: 1238 bytes (PORT) (RETR 650k.jpg)"
"485","7.781112","157.253.212.244","157.253.230.90","TCP","66","52548  >  20 [ACK] Seq=1 Ack=571957 Win=524800 Len=0 TSval=1878293008 TSecr=878323000"
"486","7.788859","157.253.230.90","157.253.212.244","FTP-DATA","1304","FTP Data: 1238 bytes (PORT) (RETR 650k.jpg)"
"487","7.788859","157.253.230.90","157.253.212.244","FTP-DATA","1304","FTP Data: 1238 bytes (PORT) (RETR 650k.jpg)"
"488","7.788859","157.253.230.90","157.253.212.244","FTP-DATA","1304","FTP Data: 1238 bytes (PORT) (RETR 650k.jpg)"
"489","7.788859","157.253.230.90","157.253.212.244","FTP-DATA","1304","FTP Data: 1238 bytes (PORT) (RETR 650k.jpg)"
"490","7.788859","157.253.230.90","157.253.212.244","FTP-DATA","1304","FTP Data: 1238 bytes (PORT) (RETR 650k.jpg)"
"491","7.788859","157.253.230.90","157.253.212.244","FTP-DATA","1304","FTP Data: 1238 bytes (PORT) (RETR 650k.jpg)"
"492","7.788859","157.253.230.90","157.253.212.244","FTP-DATA","1304","FTP Data: 1238 bytes (PORT) (RETR 650k.jpg)"
"493","7.788935","157.253.212.244","157.253.230.90","TCP","66","52548  >  20 [ACK] Seq=1 Ack=580623 Win=524800 Len=0 TSval=1878293016 TSecr=878323076"
"494","7.848683","157.253.230.90","157.253.212.244","FTP-DATA","1304","FTP Data: 1238 bytes (PORT) (RETR 650k.jpg)"
"495","7.848683","157.253.230.90","157.253.212.244","FTP-DATA","1304","FTP Data: 1238 bytes (PORT) (RETR 650k.jpg)"
"496","7.848683","157.253.230.90","157.253.212.244","FTP-DATA","1304","FTP Data: 1238 bytes (PORT) (RETR 650k.jpg)"
"497","7.848683","157.253.230.90","157.253.212.244","FTP-DATA","1304","FTP Data: 1238 bytes (PORT) (RETR 650k.jpg)"
"498","7.848683","157.253.230.90","157.253.212.244","FTP-DATA","1304","FTP Data: 1238 bytes (PORT) (RETR 650k.jpg)"
"499","7.848683","157.253.230.90","157.253.212.244","FTP-DATA","1304","FTP Data: 1238 bytes (PORT) (RETR 650k.jpg)"
"500","7.848683","157.253.230.90","157.253.212.244","FTP-DATA","1304","FTP Data: 1238 bytes (PORT) (RETR 650k.jpg)"
"501","7.848683","157.253.230.90","157.253.212.244","FTP-DATA","1304","FTP Data: 1238 bytes (PORT) (RETR 650k.jpg)"
"502","7.848683","157.253.230.90","157.253.212.244","FTP-DATA","1304","FTP Data: 1238 bytes (PORT) (RETR 650k.jpg)"
"503","7.848683","157.253.230.90","157.253.212.244","FTP-DATA","1304","FTP Data: 1238 bytes (PORT) (RETR 650k.jpg)"
"504","7.848683","157.253.230.90","157.253.212.244","FTP-DATA","1304","FTP Data: 1238 bytes (PORT) (RETR 650k.jpg)"
"505","7.848683","157.253.230.90","157.253.212.244","FTP-DATA","1304","FTP Data: 1238 bytes (PORT) (RETR 650k.jpg)"
"506","7.848683","157.253.230.90","157.253.212.244","FTP-DATA","1304","FTP Data: 1238 bytes (PORT) (RETR 650k.jpg)"
"507","7.848683","157.253.230.90","157.253.212.244","FTP-DATA","1304","FTP Data: 1238 bytes (PORT) (RETR 650k.jpg)"
"508","7.848797","157.253.212.244","157.253.230.90","TCP","66","52548  >  20 [ACK] Seq=1 Ack=597955 Win=524800 Len=0 TSval=1878293076 TSecr=878323132"
"509","7.874954","157.253.230.90","157.253.212.244","FTP-DATA","1304","FTP Data: 1238 bytes (PORT) (RETR 650k.jpg)"
"510","7.885326","157.253.230.90","157.253.212.244","FTP-DATA","1304","FTP Data: 1238 bytes (PORT) (RETR 650k.jpg)"
"511","7.885326","157.253.230.90","157.253.212.244","FTP-DATA","1304","FTP Data: 1238 bytes (PORT) (RETR 650k.jpg)"
"512","7.885326","157.253.230.90","157.253.212.244","FTP-DATA","1304","FTP Data: 1238 bytes (PORT) (RETR 650k.jpg)"
"513","7.885383","157.253.212.244","157.253.230.90","TCP","66","52548  >  20 [ACK] Seq=1 Ack=602907 Win=524800 Len=0 TSval=1878293112 TSecr=878323133"
"514","7.912077","157.253.230.90","157.253.212.244","FTP-DATA","1304","FTP Data: 1238 bytes (PORT) (RETR 650k.jpg)"
"515","7.912077","157.253.230.90","157.253.212.244","FTP-DATA","1304","FTP Data: 1238 bytes (PORT) (RETR 650k.jpg)"
"516","7.912077","157.253.230.90","157.253.212.244","FTP-DATA","1304","FTP Data: 1238 bytes (PORT) (RETR 650k.jpg)"
"517","7.912077","157.253.230.90","157.253.212.244","FTP-DATA","1304","FTP Data: 1238 bytes (PORT) (RETR 650k.jpg)"
"518","7.912077","157.253.230.90","157.253.212.244","FTP-DATA","1304","FTP Data: 1238 bytes (PORT) (RETR 650k.jpg)"
"519","7.912077","157.253.230.90","157.253.212.244","FTP-DATA","1304","FTP Data: 1238 bytes (PORT) (RETR 650k.jpg)"
"520","7.912077","157.253.230.90","157.253.212.244","FTP-DATA","1304","FTP Data: 1238 bytes (PORT) (RETR 650k.jpg)"
"521","7.912077","157.253.230.90","157.253.212.244","FTP-DATA","1304","FTP Data: 1238 bytes (PORT) (RETR 650k.jpg)"
"522","7.912077","157.253.230.90","157.253.212.244","FTP-DATA","1304","FTP Data: 1238 bytes (PORT) (RETR 650k.jpg)"
"523","7.912253","157.253.212.244","157.253.230.90","TCP","66","52548  >  20 [ACK] Seq=1 Ack=614049 Win=524800 Len=0 TSval=1878293139 TSecr=878323142"
"524","7.915967","157.253.230.90","157.253.212.244","FTP-DATA","1304","FTP Data: 1238 bytes (PORT) (RETR 650k.jpg)"
"525","7.915967","157.253.230.90","157.253.212.244","FTP-DATA","1304","FTP Data: 1238 bytes (PORT) (RETR 650k.jpg)"
"526","7.915967","157.253.230.90","157.253.212.244","FTP-DATA","1304","FTP Data: 1238 bytes (PORT) (RETR 650k.jpg)"
"527","7.915967","157.253.230.90","157.253.212.244","FTP-DATA","1304","FTP Data: 1238 bytes (PORT) (RETR 650k.jpg)"
"528","7.915967","157.253.230.90","157.253.212.244","FTP-DATA","1304","FTP Data: 1238 bytes (PORT) (RETR 650k.jpg)"
"529","7.915967","157.253.230.90","157.253.212.244","FTP-DATA","1304","FTP Data: 1238 bytes (PORT) (RETR 650k.jpg)"
"530","7.915967","157.253.230.90","157.253.212.244","FTP-DATA","1304","FTP Data: 1238 bytes (PORT) (RETR 650k.jpg)"
"531","7.915967","157.253.230.90","157.253.212.244","FTP-DATA","1304","FTP Data: 1238 bytes (PORT) (RETR 650k.jpg)"
"532","7.915967","157.253.230.90","157.253.212.244","FTP-DATA","1304","FTP Data: 1238 bytes (PORT) (RETR 650k.jpg)"
"533","7.915967","157.253.230.90","157.253.212.244","FTP-DATA","1304","FTP Data: 1238 bytes (PORT) (RETR 650k.jpg)"
"534","7.915967","157.253.230.90","157.253.212.244","FTP-DATA","1304","FTP Data: 1238 bytes (PORT) (RETR 650k.jpg)"
"535","7.916123","157.253.212.244","157.253.230.90","TCP","66","52548  >  20 [ACK] Seq=1 Ack=627667 Win=524800 Len=0 TSval=1878293143 TSecr=878323143"
"536","7.971442","157.253.230.90","157.253.212.244","FTP-DATA","2542","FTP Data: 2476 bytes (PORT) (RETR 650k.jpg)"
"537","7.971580","157.253.212.244","157.253.230.90","TCP","66","52548  >  20 [ACK] Seq=1 Ack=630143 Win=524800 Len=0 TSval=1878293198 TSecr=878323158"
"538","7.999317","157.253.230.90","157.253.212.244","FTP-DATA","1304","FTP Data: 1238 bytes (PORT) (RETR 650k.jpg)"
"539","7.999317","157.253.230.90","157.253.212.244","FTP-DATA","1304","FTP Data: 1238 bytes (PORT) (RETR 650k.jpg)"
"540","7.999317","157.253.230.90","157.253.212.244","FTP-DATA","1304","FTP Data: 1238 bytes (PORT) (RETR 650k.jpg)"
"541","7.999317","157.253.230.90","157.253.212.244","FTP-DATA","1304","FTP Data: 1238 bytes (PORT) (RETR 650k.jpg)"
"542","7.999317","157.253.230.90","157.253.212.244","FTP-DATA","1304","FTP Data: 1238 bytes (PORT) (RETR 650k.jpg)"
"543","7.999317","157.253.230.90","157.253.212.244","FTP-DATA","1304","FTP Data: 1238 bytes (PORT) (RETR 650k.jpg)"
"544","7.999451","157.253.212.244","157.253.230.90","TCP","66","52548  >  20 [ACK] Seq=1 Ack=637571 Win=524800 Len=0 TSval=1878293226 TSecr=878323159"
"545","8.005164","157.253.230.90","157.253.212.244","FTP-DATA","1304","FTP Data: 1238 bytes (PORT) (RETR 650k.jpg)"
"546","8.005164","157.253.230.90","157.253.212.244","FTP-DATA","1304","FTP Data: 1238 bytes (PORT) (RETR 650k.jpg)"
"547","8.005164","157.253.230.90","157.253.212.244","FTP-DATA","1304","FTP Data: 1238 bytes (PORT) (RETR 650k.jpg)"
"548","8.005164","157.253.230.90","157.253.212.244","FTP-DATA","1304","FTP Data: 1238 bytes (PORT) (RETR 650k.jpg)"
"549","8.005164","157.253.230.90","157.253.212.244","FTP-DATA","1304","FTP Data: 1238 bytes (PORT) (RETR 650k.jpg)"
"550","8.005164","157.253.230.90","157.253.212.244","FTP-DATA","1304","FTP Data: 1238 bytes (PORT) (RETR 650k.jpg)"
"551","8.005164","157.253.230.90","157.253.212.244","FTP-DATA","1304","FTP Data: 1238 bytes (PORT) (RETR 650k.jpg)"
"552","8.005164","157.253.230.90","157.253.212.244","FTP-DATA","1304","FTP Data: 1238 bytes (PORT) (RETR 650k.jpg)"
"553","8.005164","157.253.230.90","157.253.212.244","FTP-DATA","1304","FTP Data: 1238 bytes (PORT) (RETR 650k.jpg)"
"554","8.005164","157.253.230.90","157.253.212.244","FTP-DATA","1304","FTP Data: 1238 bytes (PORT) (RETR 650k.jpg)"
"555","8.005164","157.253.230.90","157.253.212.244","FTP-DATA","1304","FTP Data: 1238 bytes (PORT) (RETR 650k.jpg)"
"556","8.005164","157.253.230.90","157.253.212.244","FTP-DATA","1304","FTP Data: 1238 bytes (PORT) (RETR 650k.jpg)"
"557","8.005164","157.253.230.90","157.253.212.244","FTP-DATA","1304","FTP Data: 1238 bytes (PORT) (RETR 650k.jpg)"
"558","8.005357","157.253.212.244","157.253.230.90","TCP","66","52548  >  20 [ACK] Seq=1 Ack=653665 Win=524800 Len=0 TSval=1878293232 TSecr=878323206"
"559","8.006504","157.253.230.90","157.253.212.244","FTP-DATA","1304","FTP Data: 1238 bytes (PORT) (RETR 650k.jpg)"
"560","8.006504","157.253.230.90","157.253.212.244","FTP-DATA","1304","FTP Data: 1238 bytes (PORT) (RETR 650k.jpg)"
"561","8.006599","157.253.212.244","157.253.230.90","TCP","66","52548  >  20 [ACK] Seq=1 Ack=656141 Win=524800 Len=0 TSval=1878293233 TSecr=878323215"
"562","8.033000","157.253.230.90","157.253.212.244","FTP-DATA","1304","FTP Data: 1238 bytes (PORT) (RETR 650k.jpg)"
"563","8.033111","157.253.212.244","157.253.230.90","TCP","66","52548  >  20 [ACK] Seq=1 Ack=657379 Win=524800 Len=0 TSval=1878293260 TSecr=878323215"
"564","8.034055","157.253.230.90","157.253.212.244","FTP-DATA","1304","FTP Data: 1238 bytes (PORT) (RETR 650k.jpg)"
"565","8.034055","157.253.230.90","157.253.212.244","FTP-DATA","1304","FTP Data: 1238 bytes (PORT) (RETR 650k.jpg)"
"566","8.034055","157.253.230.90","157.253.212.244","FTP-DATA","1304","FTP Data: 1238 bytes (PORT) (RETR 650k.jpg)"
"567","8.034055","157.253.230.90","157.253.212.244","FTP-DATA","1135","FTP Data: 1069 bytes (PORT) (RETR 650k.jpg)"
"568","8.034055","52.108.102.2","157.253.212.244","TLSv1.2","87","Application Data"
"569","8.034228","157.253.212.244","157.253.230.90","TCP","66","52548  >  20 [ACK] Seq=1 Ack=662163 Win=524800 Len=0 TSval=1878293261 TSecr=878323215"
"570","8.037188","157.253.212.244","157.253.230.90","TCP","66","52548  >  20 [FIN, ACK] Seq=1 Ack=662163 Win=524800 Len=0 TSval=1878293264 TSecr=878323215"
"571","8.075478","157.253.230.90","157.253.212.244","TCP","66","20  >  52548 [ACK] Seq=662163 Ack=2 Win=64256 Len=0 TSval=878323623 TSecr=1878293264"
"572","8.077023","157.253.230.90","157.253.212.244","FTP","78","Response: 226 Transfer complete."
"573","8.078468","157.253.212.244","52.108.102.2","TCP","54","52755  >  443 [ACK] Seq=1 Ack=34 Win=258 Len=0"
"574","8.125342","157.253.212.244","157.253.230.90","TCP","54","52534  >  21 [ACK] Seq=45 Ack=146 Win=7830 Len=0"
"575","8.792953","20.7.2.167","157.253.212.244","TLSv1.2","433","Application Data"
"576","8.810416","157.253.212.244","20.7.2.167","TLSv1.2","188","Application Data"
"577","8.869613","157.253.212.244","157.240.6.53","TCP","54","52513  >  443 [FIN, ACK] Seq=1 Ack=1 Win=1023 Len=0"
"578","8.870505","157.253.212.244","31.13.93.53","TCP","54","52516  >  443 [FIN, ACK] Seq=1 Ack=1 Win=1021 Len=0"
"579","8.870659","157.253.212.244","157.240.6.53","TCP","54","52515  >  443 [FIN, ACK] Seq=1 Ack=1 Win=1021 Len=0"
"580","8.875318","157.240.6.53","157.253.212.244","TCP","54","443  >  52513 [RST] Seq=1 Win=0 Len=0"
"581","8.905784","157.240.6.53","157.253.212.244","TCP","54","443  >  52515 [RST] Seq=1 Win=0 Len=0"
"582","8.936858","20.7.2.167","157.253.212.244","TCP","54","443  >  59556 [ACK] Seq=380 Ack=135 Win=7924 Len=0"
"583","8.958650","31.13.93.53","157.253.212.244","TCP","54","443  >  52516 [RST] Seq=1 Win=0 Len=0"
"584","9.055449","157.253.212.244","157.240.6.54","TCP","66","52552  >  5222 [SYN] Seq=0 Win=64240 Len=0 MSS=1460 WS=256 SACK_PERM=1"
"585","9.067051","157.240.6.54","157.253.212.244","TCP","66","5222  >  52552 [SYN, ACK] Seq=0 Ack=1 Win=65535 Len=0 MSS=1250 SACK_PERM=1 WS=256"
"586","9.067141","157.253.212.244","157.240.6.54","TCP","54","52552  >  5222 [ACK] Seq=1 Ack=1 Win=66048 Len=0"
"587","9.067779","157.253.212.244","157.240.6.54","TCP","296","52552  >  5222 [PSH, ACK] Seq=1 Ack=1 Win=66048 Len=242 [TCP segment of a reassembled PDU]"
"588","9.241033","157.240.6.54","157.253.212.244","TCP","111","5222  >  52552 [PSH, ACK] Seq=1 Ack=243 Win=66816 Len=57 [TCP segment of a reassembled PDU]"
"589","9.241033","157.240.6.54","157.253.212.244","TCP","107","5222  >  52552 [PSH, ACK] Seq=58 Ack=243 Win=66816 Len=53 [TCP segment of a reassembled PDU]"
"590","9.241033","157.240.6.54","157.253.212.244","TCP","107","[TCP Retransmission] 5222  >  52552 [PSH, ACK] Seq=58 Ack=243 Win=66816 Len=53"
"591","9.241101","157.253.212.244","157.240.6.54","TCP","66","52552  >  5222 [ACK] Seq=243 Ack=111 Win=66048 Len=0 SLE=58 SRE=111"
"592","9.249039","157.253.212.244","157.240.6.54","TCP","79","52552  >  5222 [PSH, ACK] Seq=243 Ack=111 Win=66048 Len=25 [TCP segment of a reassembled PDU]"
"593","9.256478","157.240.6.54","157.253.212.244","TCP","54","5222  >  52552 [ACK] Seq=111 Ack=268 Win=66816 Len=0"
"594","9.312186","157.240.6.54","157.253.212.244","TCP","100","5222  >  52552 [PSH, ACK] Seq=111 Ack=268 Win=66816 Len=46 [TCP segment of a reassembled PDU]"
"595","9.317608","157.240.6.54","157.253.212.244","TCP","107","5222  >  52552 [PSH, ACK] Seq=157 Ack=268 Win=66816 Len=53 [TCP segment of a reassembled PDU]"
"596","9.317657","157.253.212.244","157.240.6.54","TCP","54","52552  >  5222 [ACK] Seq=268 Ack=210 Win=65792 Len=0"
"597","9.318144","157.253.212.244","157.240.6.54","TCP","87","52552  >  5222 [PSH, ACK] Seq=268 Ack=210 Win=65792 Len=33 [TCP segment of a reassembled PDU]"
"598","9.318336","157.253.212.244","157.240.6.54","TCP","126","52552  >  5222 [PSH, ACK] Seq=301 Ack=210 Win=65792 Len=72 [TCP segment of a reassembled PDU]"
"599","9.318410","157.253.212.244","157.240.6.54","TCP","92","52552  >  5222 [PSH, ACK] Seq=373 Ack=210 Win=65792 Len=38 [TCP segment of a reassembled PDU]"
"600","9.318599","157.253.212.244","157.240.6.54","TCP","105","52552  >  5222 [PSH, ACK] Seq=411 Ack=210 Win=65792 Len=51 [TCP segment of a reassembled PDU]"
"601","9.321445","157.253.212.244","157.240.6.54","TCP","185","52552  >  5222 [PSH, ACK] Seq=462 Ack=210 Win=65792 Len=131 [TCP segment of a reassembled PDU]"
"602","9.336124","157.240.6.54","157.253.212.244","TCP","54","5222  >  52552 [ACK] Seq=210 Ack=301 Win=66816 Len=0"
"603","9.336124","157.240.6.54","157.253.212.244","TCP","54","5222  >  52552 [ACK] Seq=210 Ack=373 Win=66816 Len=0"
"604","9.336124","157.240.6.54","157.253.212.244","TCP","54","5222  >  52552 [ACK] Seq=210 Ack=411 Win=66816 Len=0"
"605","9.336124","157.240.6.54","157.253.212.244","TCP","54","5222  >  52552 [ACK] Seq=210 Ack=462 Win=66816 Len=0"
"606","9.341173","157.240.6.54","157.253.212.244","TCP","54","5222  >  52552 [ACK] Seq=210 Ack=593 Win=67840 Len=0"
"607","9.411756","157.240.6.54","157.253.212.244","TCP","107","5222  >  52552 [PSH, ACK] Seq=210 Ack=593 Win=67840 Len=53 [TCP segment of a reassembled PDU]"
"608","9.411756","157.240.6.54","157.253.212.244","TCP","404","5222  >  52552 [PSH, ACK] Seq=263 Ack=593 Win=67840 Len=350 [TCP segment of a reassembled PDU]"
"609","9.411756","157.240.6.54","157.253.212.244","XMPP/XML","91","UNKNOWN PACKET "
"610","9.411861","157.253.212.244","157.240.6.54","TCP","54","52552  >  5222 [ACK] Seq=593 Ack=650 Win=65536 Len=0"
"611","9.418922","157.253.212.244","157.240.6.54","TCP","100","52552  >  5222 [PSH, ACK] Seq=593 Ack=650 Win=65536 Len=46 [TCP segment of a reassembled PDU]"
"612","9.419745","157.253.212.244","157.240.6.54","TCP","100","52552  >  5222 [PSH, ACK] Seq=639 Ack=650 Win=65536 Len=46 [TCP segment of a reassembled PDU]"
"613","9.433335","157.240.6.54","157.253.212.244","TCP","113","5222  >  52552 [PSH, ACK] Seq=650 Ack=593 Win=67840 Len=59 [TCP segment of a reassembled PDU]"
"614","9.433335","157.240.6.54","157.253.212.244","TCP","115","5222  >  52552 [PSH, ACK] Seq=709 Ack=593 Win=67840 Len=61 [TCP segment of a reassembled PDU]"
"615","9.433335","157.240.6.54","157.253.212.244","TCP","54","5222  >  52552 [ACK] Seq=770 Ack=639 Win=67840 Len=0"
"616","9.433335","157.240.6.54","157.253.212.244","TCP","54","5222  >  52552 [ACK] Seq=770 Ack=685 Win=67840 Len=0"
"617","9.433456","157.253.212.244","157.240.6.54","TCP","54","52552  >  5222 [ACK] Seq=685 Ack=770 Win=65280 Len=0"
"618","9.450844","157.240.6.54","157.253.212.244","TCP","493","5222  >  52552 [PSH, ACK] Seq=770 Ack=685 Win=67840 Len=439 [TCP segment of a reassembled PDU]"
"619","9.458801","157.253.212.244","157.240.6.54","TCP","118","52552  >  5222 [PSH, ACK] Seq=685 Ack=1209 Win=65024 Len=64 [TCP segment of a reassembled PDU]"
"620","9.459265","157.253.212.244","157.240.6.54","TCP","92","52552  >  5222 [PSH, ACK] Seq=749 Ack=1209 Win=65024 Len=38 [TCP segment of a reassembled PDU]"
"621","9.463233","157.240.6.54","157.253.212.244","TCP","54","5222  >  52552 [ACK] Seq=1209 Ack=787 Win=67840 Len=0"
"622","9.486247","157.253.212.244","157.240.6.53","TCP","66","52553  >  443 [SYN] Seq=0 Win=65535 Len=0 MSS=1460 WS=256 SACK_PERM=1"
"623","9.499668","157.240.6.54","157.253.212.244","TCP","183","5222  >  52552 [PSH, ACK] Seq=1209 Ack=787 Win=67840 Len=129 [TCP segment of a reassembled PDU]"
"624","9.499668","157.240.6.54","157.253.212.244","TCP","135","5222  >  52552 [PSH, ACK] Seq=1338 Ack=787 Win=67840 Len=81 [TCP segment of a reassembled PDU]"
"625","9.499668","157.240.6.53","157.253.212.244","TCP","66","443  >  52553 [SYN, ACK] Seq=0 Ack=1 Win=65535 Len=0 MSS=1250 SACK_PERM=1 WS=256"
"626","9.499757","157.253.212.244","157.240.6.54","TCP","54","52552  >  5222 [ACK] Seq=787 Ack=1419 Win=66048 Len=0"
"627","9.499806","157.253.212.244","157.240.6.53","TCP","54","52553  >  443 [ACK] Seq=1 Ack=1 Win=262144 Len=0"
"628","9.500750","157.253.212.244","157.240.6.53","TLSv1.3","523","Client Hello"
"629","9.519825","157.240.6.53","157.253.212.244","TCP","54","443  >  52553 [ACK] Seq=1 Ack=470 Win=66816 Len=0"
"630","9.519825","157.240.6.53","157.253.212.244","TLSv1.3","266","Server Hello, Change Cipher Spec, Application Data"
"631","9.519870","157.253.212.244","157.240.6.53","TCP","54","52553  >  443 [ACK] Seq=470 Ack=213 Win=261888 Len=0"
"632","9.521031","157.253.212.244","157.240.6.53","TLSv1.3","118","Change Cipher Spec, Application Data"
"633","9.521322","157.253.212.244","157.240.6.53","TLSv1.3","134","Application Data"
"634","9.522419","157.253.212.244","157.240.6.53","TLSv1.3","297","Application Data"
"635","9.527000","157.240.6.53","157.253.212.244","TCP","54","443  >  52553 [ACK] Seq=213 Ack=614 Win=66816 Len=0"
"636","9.528410","157.240.6.53","157.253.212.244","TLSv1.3","225","Application Data"
"637","9.528410","157.240.6.53","157.253.212.244","TLSv1.3","128","Application Data"
"638","9.528410","157.240.6.53","157.253.212.244","TLSv1.3","98","Application Data"
"639","9.528410","157.240.6.53","157.253.212.244","TCP","1304","443  >  52553 [ACK] Seq=502 Ack=857 Win=67840 Len=1250 [TCP segment of a reassembled PDU]"
"640","9.528457","157.253.212.244","157.240.6.53","TCP","54","52553  >  443 [ACK] Seq=857 Ack=1752 Win=262144 Len=0"
"641","9.529199","157.253.212.244","157.240.6.53","TLSv1.3","85","Application Data"
"642","9.531673","157.240.6.53","157.253.212.244","TLSv1.3","1304","Application Data [TCP segment of a reassembled PDU]"
"643","9.531673","157.240.6.53","157.253.212.244","TCP","1304","443  >  52553 [ACK] Seq=3002 Ack=857 Win=67840 Len=1250 [TCP segment of a reassembled PDU]"
"644","9.531673","157.240.6.53","157.253.212.244","TLSv1.3","539","Application Data"
"645","9.531725","157.253.212.244","157.240.6.53","TCP","54","52553  >  443 [ACK] Seq=888 Ack=4737 Win=262144 Len=0"
"646","9.562033","157.240.6.54","157.253.212.244","TCP","95","5222  >  52552 [PSH, ACK] Seq=1419 Ack=787 Win=67840 Len=41 [TCP segment of a reassembled PDU]"
"647","9.594122","157.253.212.244","190.27.43.225","TCP","54","52517  >  443 [FIN, ACK] Seq=1 Ack=1 Win=1021 Len=0"
"648","9.601610","157.240.6.53","157.253.212.244","TCP","54","443  >  52553 [ACK] Seq=4737 Ack=888 Win=67840 Len=0"
"649","9.601610","190.27.43.225","157.253.212.244","TCP","54","443  >  52517 [FIN, ACK] Seq=1 Ack=2 Win=123 Len=0"
"650","9.601668","157.253.212.244","190.27.43.225","TCP","54","52517  >  443 [ACK] Seq=2 Ack=2 Win=1021 Len=0"
"651","9.609338","157.253.212.244","157.240.6.54","TCP","54","52552  >  5222 [ACK] Seq=787 Ack=1460 Win=66048 Len=0"
"652","10.269096","157.240.6.54","157.253.212.244","TCP","259","5222  >  52552 [PSH, ACK] Seq=1460 Ack=787 Win=67840 Len=205 [TCP segment of a reassembled PDU]"
"653","10.269096","157.240.6.54","157.253.212.244","TCP","259","[TCP Retransmission] 5222  >  52552 [PSH, ACK] Seq=1460 Ack=787 Win=67840 Len=205"
"654","10.269238","157.253.212.244","157.240.6.54","TCP","66","52552  >  5222 [ACK] Seq=787 Ack=1665 Win=65792 Len=0 SLE=1460 SRE=1665"
"655","10.311388","157.253.212.244","157.240.6.54","TCP","118","52552  >  5222 [PSH, ACK] Seq=787 Ack=1665 Win=65792 Len=64 [TCP segment of a reassembled PDU]"
"656","10.362263","157.240.6.54","157.253.212.244","TCP","54","5222  >  52552 [ACK] Seq=1665 Ack=851 Win=67840 Len=0"
"657","10.818949","157.253.212.244","13.107.6.171","TLSv1.2","188","Application Data"
"658","10.819046","157.253.212.244","13.107.6.171","TLSv1.2","100","Application Data"
"659","10.882595","13.107.6.171","157.253.212.244","TCP","54","443  >  52500 [ACK] Seq=1 Ack=135 Win=16385 Len=0"
"660","10.891732","13.107.6.171","157.253.212.244","TCP","54","443  >  52500 [ACK] Seq=1 Ack=181 Win=16385 Len=0"
"661","10.894870","13.107.6.171","157.253.212.244","TLSv1.2","100","Application Data"
"662","10.913413","13.107.6.171","157.253.212.244","TCP","1304","443  >  52500 [ACK] Seq=47 Ack=181 Win=16385 Len=1250 [TCP segment of a reassembled PDU]"
"663","10.913413","13.107.6.171","157.253.212.244","TLSv1.2","635","Application Data"
"664","10.913413","13.107.6.171","157.253.212.244","TLSv1.2","92","Application Data"
"665","10.913492","157.253.212.244","13.107.6.171","TCP","54","52500  >  443 [ACK] Seq=181 Ack=1916 Win=258 Len=0"
"666","10.914836","157.253.212.244","13.107.6.171","TLSv1.2","96","Application Data"
"667","10.969602","13.107.6.171","157.253.212.244","TCP","54","443  >  52500 [ACK] Seq=1916 Ack=223 Win=16384 Len=0"
"668","14.794083","157.253.212.244","13.107.6.171","TLSv1.2","1304","Ignored Unknown Record"
"669","14.794083","157.253.212.244","13.107.6.171","TCP","1304","[TCP segment of a reassembled PDU]"
"670","14.794083","157.253.212.244","13.107.6.171","TLSv1.2","1304","Ignored Unknown Record"
"671","14.794083","157.253.212.244","13.107.6.171","TCP","1304","52514  >  443 [ACK] Seq=3752 Ack=1 Win=256 Len=1250 [TCP segment of a reassembled PDU]"
"672","14.794083","157.253.212.244","13.107.6.171","TCP","373","52514  >  443 [PSH, ACK] Seq=5002 Ack=1 Win=256 Len=319 [TCP segment of a reassembled PDU]"
"673","14.794208","157.253.212.244","13.107.6.171","TCP","100","52514  >  443 [PSH, ACK] Seq=5321 Ack=1 Win=256 Len=46 [TCP segment of a reassembled PDU]"
"674","14.794248","157.253.212.244","13.107.6.171","TCP","1304","52514  >  443 [ACK] Seq=5367 Ack=1 Win=256 Len=1250 [TCP segment of a reassembled PDU]"
"675","14.794248","157.253.212.244","13.107.6.171","TCP","74","52514  >  443 [PSH, ACK] Seq=6617 Ack=1 Win=256 Len=20 [TCP segment of a reassembled PDU]"
"676","14.866556","13.107.6.171","157.253.212.244","TCP","54","443  >  52514 [ACK] Seq=1 Ack=1252 Win=16386 Len=0"
"677","14.867945","13.107.6.171","157.253.212.244","TCP","54","443  >  52514 [ACK] Seq=1 Ack=2502 Win=16386 Len=0"
"678","14.869666","13.107.6.171","157.253.212.244","TCP","54","443  >  52514 [ACK] Seq=1 Ack=3752 Win=16386 Len=0"
"679","14.873817","13.107.6.171","157.253.212.244","TCP","54","443  >  52514 [ACK] Seq=1 Ack=5002 Win=16386 Len=0"
"680","14.873817","13.107.6.171","157.253.212.244","TCP","54","443  >  52514 [ACK] Seq=1 Ack=5321 Win=16385 Len=0"
"681","14.873817","13.107.6.171","157.253.212.244","TCP","54","443  >  52514 [ACK] Seq=1 Ack=5367 Win=16385 Len=0"
"682","14.873817","13.107.6.171","157.253.212.244","TCP","54","443  >  52514 [ACK] Seq=1 Ack=6637 Win=16386 Len=0"
"683","14.873817","13.107.6.171","157.253.212.244","TLSv1.2","100","Application Data"
"684","14.927299","157.253.212.244","13.107.6.171","TCP","54","52514  >  443 [ACK] Seq=6637 Ack=47 Win=256 Len=0"
"685","14.983217","13.107.6.171","157.253.212.244","TLSv1.2","283","Application Data"
"686","15.036905","157.253.212.244","13.107.6.171","TCP","54","52514  >  443 [ACK] Seq=6637 Ack=276 Win=255 Len=0"
"687","15.478576","52.96.172.114","157.253.212.244","TLSv1.2","98","Application Data"
"688","15.523095","157.253.212.244","52.96.172.114","TCP","54","50971  >  443 [ACK] Seq=1 Ack=45 Win=508 Len=0"
